150 Kabupaten/Kota Inflasi (2022=100),,,,,,,,,,,,,,,,,,,,,,,,,,
,Inflasi Bulanan (M-to-M) (2022=100) Menurut Kelompok dan Sub Kelompok 10 Penyediaan Makanan dan Minuman / Restoran,,,,,,,,,,,,,,,,,,,,,,,,,
,Penyediaan Makanan dan Minuman / Restoran,,,,,,,,,,,,,Jasa Pelayanan Makanan dan Minuman,,,,,,,,,,,,
,2025,,,,,,,,,,,,,2025,,,,,,,,,,,,
,Januari,Februari,Maret,April,Mei,Juni,Juli,Agustus,September,Oktober,November,Desember,Tahunan,Januari,Februari,Maret,April,Mei,Juni,Juli,Agustus,September,Oktober,November,Desember,Tahunan
KAB ACEH TENGAH,0.86,0.37,2.41,0,0.08,0,0.22,0,0,0.03,0,0,-,0.86,0.37,2.41,0,0.08,0,0.22,0,0,0.03,0,0,-
MEULABOH,0.32,0,0.2,0.23,0,0,0.02,0,0.5,0.1,0.25,3.53,-,0.32,0,0.2,0.23,0,0,0.02,0,0.5,0.1,0.25,3.53,-
KAB ACEH TAMIANG,0,0,0,0,0,0.17,0,0,0,0,0,0,-,0,0,0,0,0,0.17,0,0,0,0,0,0,-
KOTA BANDA ACEH,0.13,0.03,0.03,0,0,0,0.15,0.12,0.12,0,0.12,4.37,-,0.13,0.03,0.03,0,0,0,0.15,0.12,0.12,0,0.12,4.37,-
KOTA LHOKSEUMAWE,0,1.18,0.05,0.08,0,0.07,0,0,0,0,0.47,3.36,-,0,1.18,0.05,0.08,0,0.07,0,0,0,0,0.47,3.36,-
KAB LABUHANBATU,0.21,0,0,0.62,0.13,0,0.04,0.24,0,0,0.02,0,-,0.21,0,0,0.62,0.13,0,0.04,0.24,0,0,0.02,0,-
KAB KARO,0.3,0,0,0,0,0,0.07,0,0.02,0.02,0,0,-,0.3,0,0,0,0,0,0.07,0,0.02,0.02,0,0,-
KAB DELI SERDANG,0,0,0,0,0.5,0,0.46,0.21,0,0,0,0,-,0,0,0,0,0.5,0,0.46,0.21,0,0,0,0,-
KOTA SIBOLGA,1.91,0,0.01,0,0,0,0,0,0,0,0,0.3,-,1.91,0,0.01,0,0,0,0,0,0,0,0,0.3,-
KOTA PEMATANGSIANTAR,3.62,1,1.14,0.51,0.41,0.18,0.32,0.03,0.22,0.33,0,0.38,-,3.62,1,1.14,0.51,0.41,0.18,0.32,0.03,0.22,0.33,0,0.38,-
KOTA MEDAN,0.04,0.18,0,0.12,0,0.09,0.16,0.38,0,0.21,0.17,1.43,-,0.04,0.18,0,0.12,0,0.09,0.16,0.38,0,0.21,0.17,1.43,-
KOTA PADANGSIDIMPUAN,0,0.08,0,0.25,0.42,0.32,0.07,0.03,0,0,0,0.12,-,0,0.08,0,0.25,0.42,0.32,0.07,0.03,0,0,0,0.12,-
KOTA GUNUNGSITOLI,0,0,1.65,0,0,0,0,0,0,0,0,9.42,-,0,0,1.65,0,0,0,0,0,0,0,0,9.42,-
KAB DHARMASRAYA,0,0,0,0,0,0,0,0,0,0,0,0,-,0,0,0,0,0,0,0,0,0,0,0,0,-
KAB PASAMAN BARAT,0,0.05,0.37,0,0.94,0.85,0,0,0,0,0,0,-,0,0.05,0.37,0,0.94,0.85,0,0,0,0,0,0,-
KOTA PADANG,0.03,0.32,0,1.36,0.18,0,0.09,0,0.2,0,0.03,0.05,-,0.03,0.32,0,1.36,0.18,0,0.09,0,0.2,0,0.03,0.05,-
KOTA BUKITTINGGI,0.2,0.01,0.26,1.27,0.4,0,0,0,0,0,0.06,0.13,-,0.2,0.01,0.26,1.27,0.4,0,0,0,0,0,0.06,0.13,-
TEMBILAHAN,0.37,0,0,0,0,0.02,0.64,0,0.13,0.02,0.18,0.02,-,0.37,0,0,0,0,0.02,0.64,0,0.13,0.02,0.18,0.02,-
KAB KAMPAR,0,0,0.16,0.53,0,0,0.29,0.04,0,0.14,0,1.05,-,0,0,0.16,0.53,0,0,0.29,0.04,0,0.14,0,1.05,-
KOTA PEKANBARU,0.66,1.09,0.03,0.06,0.71,0,0.03,0,0.13,0.55,0.07,0.03,-,0.66,1.09,0.03,0.06,0.71,0,0.03,0,0.13,0.55,0.07,0.03,-
KOTA DUMAI,0,0,0.18,0.37,0,0.31,0.47,0.37,0,0,0,0.29,-,0,0,0.18,0.37,0,0.31,0.47,0.37,0,0,0,0.29,-
KAB KERINCI,0,1.86,0.04,0.91,0,0,0,0,1.09,0,0,0,-,0,1.86,0.04,0.91,0,0,0,0,1.09,0,0,0,-
MUARA BUNGO,0,0,0,0,0,0.32,0,0,0,0,0,0,-,0,0,0,0,0,0.32,0,0,0,0,0,0,-
KOTA JAMBI,0.46,0.5,0.12,1.62,0,0.02,0,0,0.07,0,1.09,0.14,-,0.46,0.5,0.12,1.62,0,0.02,0,0,0.07,0,1.09,0.14,-
KAB OGAN KOMERING ILIR,0.87,0,0.02,0,0,0.27,0,0,0.32,0,0,0.09,-,0.87,0,0.02,0,0,0.27,0,0,0.32,0,0,0.09,-
KAB MUARA ENIM,0,0.16,0,0,0,0,0,0,0,0,0,0,-,0,0.16,0,0,0,0,0,0,0,0,0,0,-
KOTA PALEMBANG,0.09,0.03,0,0.25,0.69,0.03,0.08,0.09,0,0,0,0.16,-,0.09,0.03,0,0.25,0.69,0.03,0.08,0.09,0,0,0,0.16,-
KOTA LUBUK LINGGAU,0,0.03,0.13,0.26,0.49,0,0,0.14,0.07,0.17,0,0.11,-,0,0.03,0.13,0.26,0.49,0,0,0.14,0.07,0.17,0,0.11,-
KAB MUKO MUKO,0.09,0,0,0,0.66,0,0,0,1.39,0,0,0,-,0.09,0,0,0,0.66,0,0,0,1.39,0,0,0,-
KOTA BENGKULU,0.36,0,0,0.08,0.02,0.28,0,0.09,0.08,0.06,0.08,0,-,0.36,0,0,0.08,0.02,0.28,0,0.09,0.08,0.06,0.08,0,-
KAB LAMPUNG TIMUR,0,0,0,0,0,0,0,0,0,0,0,0,-,0,0,0,0,0,0,0,0,0,0,0,0,-
KAB MESUJI,0,0,0,0,0.87,0,0.34,1.02,0,0,0,0,-,0,0,0,0,0.87,0,0.34,1.02,0,0,0,0,-
KOTA BANDAR LAMPUNG,0.9,0,0,0.11,0.14,0.16,0.18,0.28,0,0,0,0,-,0.9,0,0,0.11,0.14,0.16,0.18,0.28,0,0,0,0,-
KOTA METRO,0.35,0,0.27,0.19,0,0,0,0.07,0,0,0,0,-,0.35,0,0.27,0.19,0,0,0,0.07,0,0,0,0,-
TANJUNG PANDAN,0,0,0,0,0,0.08,0,0.06,0.46,0,0,0,-,0,0,0,0,0,0.08,0,0.06,0.46,0,0,0,-
KAB BANGKA BARAT,0,0,0,0.43,0.1,0,0,0,0.32,0,0,0,-,0,0,0,0.43,0.1,0,0,0,0.32,0,0,0,-
KAB BELITUNG TIMUR,0,0,0,0,0,0,0.14,0,0,0,0,0,-,0,0,0,0,0,0,0.14,0,0,0,0,0,-
KOTA PANGKAL PINANG,0,0.19,0,0,0.13,0.18,0.46,0.26,0,0,0,0,-,0,0.19,0,0,0.13,0.18,0.46,0.26,0,0,0,0,-
KAB KARIMUN,0,0,0,0.13,1.37,0.24,0,0.17,0.04,0.16,0.34,0.11,-,0,0,0,0.13,1.37,0.24,0,0.17,0.04,0.16,0.34,0.11,-
KOTA BATAM,1.27,0.94,0.03,0,0.35,0,0.07,0,0.27,0.38,0.03,0,-,1.27,0.94,0.03,0,0.35,0,0.07,0,0.27,0.38,0.03,0,-
KOTA TANJUNG PINANG,0,0,0,0.08,0,0,0,0,0,0,0,0.07,-,0,0,0,0.08,0,0,0,0,0,0,0,0.07,-
KOTA JAKARTA,0.24,0.02,0.1,0,0.01,0,0.09,0.2,0.04,0,0.11,0.02,-,0.24,0.02,0.1,0,0.01,0,0.09,0.2,0.04,0,0.11,0.02,-
KAB BANDUNG,0.02,0.25,0.14,0.1,0,0,0,0,0,0.17,0.05,0.02,-,0.02,0.25,0.14,0.1,0,0,0,0,0,0.17,0.05,0.02,-
KAB MAJALENGKA,0.23,0.12,0,0.11,0.11,0,0,0.08,0.1,0.01,0.01,0.15,-,0.23,0.12,0,0.11,0.11,0,0,0.08,0.1,0.01,0.01,0.15,-
KAB SUBANG,0.33,0.14,0.01,0,0,0,0,0,0,0,0,0,-,0.33,0.14,0.01,0,0,0,0,0,0,0,0,0,-
KOTA BOGOR,0,1.1,0.08,0.13,0,0.11,0.11,0,0.25,0,0,0.07,-,0,1.1,0.08,0.13,0,0.11,0.11,0,0.25,0,0,0.07,-
KOTA SUKABUMI,0.42,0.66,0.15,0.2,0,0.42,0,0,0.1,0,0.59,0.08,-,0.42,0.66,0.15,0.2,0,0.42,0,0,0.1,0,0.59,0.08,-
KOTA BANDUNG,0.11,0,0.04,0.01,0.08,0.1,0.07,0.04,0,0.06,0,0.03,-,0.11,0,0.04,0.01,0.08,0.1,0.07,0.04,0,0.06,0,0.03,-
KOTA CIREBON,0.31,0.01,0.4,0.81,0.13,0.47,0,0.06,0.12,0.03,0.19,0.63,-,0.31,0.01,0.4,0.81,0.13,0.47,0,0.06,0.12,0.03,0.19,0.63,-
KOTA BEKASI,0.44,0.15,0.01,0.13,0.01,0,0.03,0.15,0.03,0.07,0.01,0,-,0.44,0.15,0.01,0.13,0.01,0,0.03,0.15,0.03,0.07,0.01,0,-
KOTA DEPOK,0.17,0.1,0.14,0.51,0.03,0.08,0.06,0.06,0,0,0,0.36,-,0.17,0.1,0.14,0.51,0.03,0.08,0.06,0.06,0,0,0,0.36,-
KOTA TASIKMALAYA,0.01,0,0,0.12,0.05,0.01,0.02,0.06,0.03,0.03,0.04,0,-,0.01,0,0,0.12,0.05,0.01,0.02,0.06,0.03,0.03,0.04,0,-
CILACAP,0.02,0.53,0.08,0.61,0.23,0.34,0,0.03,0.09,0,0.03,0.03,-,0.02,0.53,0.08,0.61,0.23,0.34,0,0.03,0.09,0,0.03,0.03,-
PURWOKERTO,0.43,0.55,0.26,0.37,0.11,0,0,0,0.05,0,0,0.33,-,0.43,0.55,0.26,0.37,0.11,0,0,0,0.05,0,0,0.33,-
KAB WONOSOBO,0,0,0.27,0,0.04,0,0,0.08,0,0,0.07,0.25,-,0,0,0.27,0,0.04,0,0,0.08,0,0,0.07,0.25,-
KAB WONOGIRI,0.12,0.33,0.07,0.58,0.02,0.47,0.1,0,0,0,0.13,0.03,-,0.12,0.33,0.07,0.58,0.02,0.47,0.1,0,0,0,0.13,0.03,-
KAB REMBANG,0.26,0.13,0.3,0.68,0.11,0.07,0.25,0.05,0,0.04,0.08,0.08,-,0.26,0.13,0.3,0.68,0.11,0.07,0.25,0.05,0,0.04,0.08,0.08,-
KUDUS,0.19,0.25,0.12,0.89,0.14,0.26,0.04,0.02,0.03,0.08,0.12,0.02,-,0.19,0.25,0.12,0.89,0.14,0.26,0.04,0.02,0.03,0.08,0.12,0.02,-
KOTA SURAKARTA,0.34,0.49,0.72,0.35,0.03,0.24,0.15,0.35,0.03,0.2,0.14,0.14,-,0.34,0.49,0.72,0.35,0.03,0.24,0.15,0.35,0.03,0.2,0.14,0.14,-
KOTA SEMARANG,0.73,0.08,0.18,0.94,0.23,0.08,0.05,0.07,0,0.05,0.04,0.07,-,0.73,0.08,0.18,0.94,0.23,0.08,0.05,0.07,0,0.05,0.04,0.07,-
KOTA TEGAL,0.19,0.01,0.54,0.9,0.44,0.07,0,0,0.04,0,0.03,0,-,0.19,0.01,0.54,0.9,0.44,0.07,0,0,0.04,0,0.03,0,-
KAB GUNUNGKIDUL,0.57,0.23,0.2,0,0,0,0,0,0,0.2,0,0,-,0.57,0.23,0.2,0,0,0,0,0,0,0.2,0,0,-
KOTA YOGYAKARTA,0.07,0.34,0.27,0.22,0.08,0.3,0.24,0.13,0.11,0.02,0.01,0.05,-,0.07,0.34,0.27,0.22,0.08,0.3,0.24,0.13,0.11,0.02,0.01,0.05,-
KAB TULUNGAGUNG,0.08,0,0,0.06,0.05,0,0,0,0,0,0,0,-,0.08,0,0,0.06,0.05,0,0,0,0,0,0,0,-
JEMBER,0.06,0.01,0.51,0.38,0.07,0.21,0.07,0.07,0.21,0.09,0.21,0.15,-,0.06,0.01,0.51,0.38,0.07,0.21,0.07,0.07,0.21,0.09,0.21,0.15,-
BANYUWANGI,0.09,0,0.09,0.41,0,0,0,0,0,0,0,0,-,0.09,0,0.09,0.41,0,0,0,0,0,0,0,0,-
KAB BOJONEGORO,1.07,0.09,0.23,0.16,0.05,0.31,0,0,0.2,0.04,0,0.1,-,1.07,0.09,0.23,0.16,0.05,0.31,0,0,0.2,0.04,0,0.1,-
KAB GRESIK,0.01,0.05,0.22,0.05,0.14,0.12,0.09,0,0,0,0,0.34,-,0.01,0.05,0.22,0.05,0.14,0.12,0.09,0,0,0,0,0.34,-
SUMENEP,0.05,0,0.07,0.26,0.17,0.23,0.02,0,0,0.21,0,0,-,0.05,0,0.07,0.26,0.17,0.23,0.02,0,0,0.21,0,0,-
KOTA KEDIRI,0.37,0,0,0.2,0.14,0,0,0,0.02,0,0,0.33,-,0.37,0,0,0.2,0.14,0,0,0,0.02,0,0,0.33,-
KOTA MALANG,0.07,0.1,0.04,0.17,0.09,0.3,0.05,0,0.02,0.02,0.01,0.03,-,0.07,0.1,0.04,0.17,0.09,0.3,0.05,0,0.02,0.02,0.01,0.03,-
KOTA PROBOLINGGO,0.14,0,0.1,0.07,0.31,0,0.08,0.14,0,0,0.07,0.13,-,0.14,0,0.1,0.07,0.31,0,0.08,0.14,0,0,0.07,0.13,-
KOTA MADIUN,0.39,0.08,0.12,0.16,0.08,0.01,0,0.05,0.13,0.04,0.04,0.35,-,0.39,0.08,0.12,0.16,0.08,0.01,0,0.05,0.13,0.04,0.04,0.35,-
KOTA SURABAYA,0.32,0.03,0.21,0.1,0.1,0.06,0.04,0.03,0.02,0.09,0.01,0.14,-,0.32,0.03,0.21,0.1,0.1,0.06,0.04,0.03,0.02,0.09,0.01,0.14,-
KAB PANDEGLANG,0.65,0.04,0.4,0.34,0,0.02,0,0,0,0.02,0.06,0,-,0.65,0.04,0.4,0.34,0,0.02,0,0,0,0.02,0.06,0,-
KAB LEBAK,0.01,0.24,0,0.12,0.43,0,0,0,0.57,0.16,0,0.15,-,0.01,0.24,0,0.12,0.43,0,0,0,0.57,0.16,0,0.15,-
KOTA TANGERANG,0,0.22,0.19,0,0,0,0,0.09,0.86,0.17,0.05,0.01,-,0,0.22,0.19,0,0,0,0,0.09,0.86,0.17,0.05,0.01,-
KOTA CILEGON,0.24,0.05,0,0.43,0.08,0.42,0.07,0.17,0.09,0.11,0.02,0.14,-,0.24,0.05,0,0.43,0.08,0.42,0.07,0.17,0.09,0.11,0.02,0.14,-
KOTA SERANG,0,0.01,0.15,0.03,0,0.61,0.08,0.01,0.05,0,0.14,0.07,-,0,0.01,0.15,0.03,0,0.61,0.08,0.01,0.05,0,0.14,0.07,-
KAB TABANAN,0.82,0.18,0,0,0,0.01,0,0.23,0.03,0,1.08,0.07,-,0.82,0.18,0,0,0,0.01,0,0.23,0.03,0,1.08,0.07,-
KAB BADUNG,0.09,0.09,0,0,0,0.07,0,0.1,0,0,0,0,-,0.09,0.09,0,0,0,0.07,0,0.1,0,0,0,0,-
SINGARAJA,0,0,0,0,0,0,0,0,0.05,0.22,0,0,-,0,0,0,0,0,0,0,0,0.05,0.22,0,0,-
KOTA DENPASAR,1.54,0.56,0.06,0.06,0.17,0.07,0.11,0.19,0,0,0.28,0.01,-,1.54,0.56,0.06,0.06,0.17,0.07,0.11,0.19,0,0,0.28,0.01,-
KAB SUMBAWA,0.94,0,0,0,0,0,0,0,0.1,0,0.22,0,-,0.94,0,0,0,0,0,0,0,0.1,0,0.22,0,-
KOTA MATARAM,0.01,0.31,0.12,0.27,0,0.73,0.09,0.11,0.27,0,0.11,0,-,0.01,0.31,0.12,0.27,0,0.73,0.09,0.11,0.27,0,0.11,0,-
KOTA BIMA,0.33,0,0,0.15,0,0,0.06,0,0.02,0.13,0.1,0.39,-,0.33,0,0,0.15,0,0,0.06,0,0.02,0.13,0.1,0.39,-
WAINGAPU,0.55,0.2,0,0,0,0,0,0,0.5,0,0,0,-,0.55,0.2,0,0,0,0,0,0,0.5,0,0,0,-
KAB TIMOR TENGAH SELATAN,0,0,0,0,0,0,0,0,0,0,0,0,-,0,0,0,0,0,0,0,0,0,0,0,0,-
MAUMERE,0,0.07,0,0.04,0,0.06,0.04,0.31,0,0,0.16,0,-,0,0.07,0,0.04,0,0.06,0.04,0.31,0,0,0.16,0,-
KAB NGADA,0.75,0,0,0,0,0,0,1.22,0,0,0,0,-,0.75,0,0,0,0,0,0,1.22,0,0,0,0,-
KOTA KUPANG,1.87,0.56,0,0.14,0,0,0,0.05,0,0.66,0.01,0.08,-,1.87,0.56,0,0.14,0,0,0,0.05,0,0.66,0.01,0.08,-
KAB KETAPANG,0,0,0.05,0.65,0,0.05,0,0,0,0,0,0,-,0,0,0.05,0.65,0,0.05,0,0,0,0,0,0,-
SINTANG,0,0.15,0,0,0,0,0,0,0,0,0,0,-,0,0.15,0,0,0,0,0,0,0,0,0,0,-
KAB KAYONG UTARA,0,0,0,0,0,0,0,0,0,0,0,0.25,-,0,0,0,0,0,0,0,0,0,0,0,0.25,-
KOTA PONTIANAK,0.14,0,0,0.38,0,0.56,0.23,0,0,0.03,0,0.17,-,0.14,0,0,0.38,0,0.56,0.23,0,0,0.03,0,0.17,-
KOTA SINGKAWANG,0,0,0,0,0,0,0,0.09,0,0,0,0,-,0,0,0,0,0,0,0,0.09,0,0,0,0,-
SAMPIT,1.35,0.18,0.35,0.77,0.03,1.43,0.45,0.15,0.14,0.12,0.07,0.35,-,1.35,0.18,0.35,0.77,0.03,1.43,0.45,0.15,0.14,0.12,0.07,0.35,-
KAB KAPUAS,0.44,0.11,0.12,0.23,0.31,0.16,1.07,0,0,0.02,0,0,-,0.44,0.11,0.12,0.23,0.31,0.16,1.07,0,0,0.02,0,0,-
KAB SUKAMARA,0.42,0.31,0.52,0,0,0.07,0,0.16,0,0,0,0.11,-,0.42,0.31,0.52,0,0,0.07,0,0.16,0,0,0,0.11,-
KOTA PALANGKARAYA,0.3,0.07,0.3,0.1,0.16,0.34,0.35,0.02,0.6,0.12,0.1,0.33,-,0.3,0.07,0.3,0.1,0.16,0.34,0.35,0.02,0.6,0.12,0.1,0.33,-
KAB TANAH LAUT,0.04,0.83,1.34,0.81,0.48,0.53,0,0,0.01,0.18,0.3,0.06,-,0.04,0.83,1.34,0.81,0.48,0.53,0,0,0.01,0.18,0.3,0.06,-
KOTABARU,0,0.15,0,0,0,0,0,1.39,0,0.35,0,0.31,-,0,0.15,0,0,0,0,0,1.39,0,0.35,0,0.31,-
KAB HULU SUNGAI TENGAH,0.16,0,0,0,0.25,0,0,0,0,0,0,0,-,0.16,0,0,0,0.25,0,0,0,0,0,0,0,-
TANJUNG,0.31,0.84,0.01,0.07,0,0,0.13,0,0,0,0.33,0.08,-,0.31,0.84,0.01,0.07,0,0,0.13,0,0,0,0.33,0.08,-
KOTA BANJARMASIN,0.21,1.58,0,0,0,0.02,0,0,0,0,0,0.14,-,0.21,1.58,0,0,0,0.02,0,0,0,0,0,0.14,-
KAB BERAU,0,0,0,0.53,0.19,0.03,0,2.03,0,0,0.43,0,-,0,0,0,0.53,0.19,0.03,0,2.03,0,0,0.43,0,-
KAB PENAJAM PASER UTARA,0,0.06,0.13,1.4,0.09,0.11,0.12,0.02,0,1.13,0,0,-,0,0.06,0.13,1.4,0.09,0.11,0.12,0.02,0,1.13,0,0,-
KOTA BALIKPAPAN,0.27,0,0.01,0.37,0,0.26,0.18,0.04,0,0,0,0.02,-,0.27,0,0.01,0.37,0,0.26,0.18,0.04,0,0,0,0.02,-
KOTA SAMARINDA,0.44,0.07,0.09,0.44,0.13,0.24,0.14,0.03,0.01,0,0.03,0.08,-,0.44,0.07,0.09,0.44,0.13,0.24,0.14,0.03,0.01,0,0.03,0.08,-
TANJUNG SELOR,0.23,0.03,0.33,0,0,0.05,0.04,0,0,0.07,0,0.88,-,0.23,0.03,0.33,0,0,0.05,0.04,0,0,0.07,0,0.88,-
KAB NUNUKAN,0,0.03,0,0.38,1.32,0.05,0,0,0,0,0,0.25,-,0,0.03,0,0.38,1.32,0.05,0,0,0,0,0,0.25,-
KOTA TARAKAN,0,0.05,0.11,0.89,0.42,0,0.13,0,0.28,0,0.02,0,-,0,0.05,0.11,0.89,0.42,0,0.13,0,0.28,0,0.02,0,-
KAB MINAHASA SELATAN,0,0,0,0.36,0,0,0.8,0.26,0.23,0.06,0,0,-,0,0,0,0.36,0,0,0.8,0.26,0.23,0.06,0,0,-
KAB MINAHASA UTARA,1.15,0.29,0,0,0,0.04,0.12,0.04,0,0,0,0,-,1.15,0.29,0,0,0,0.04,0.12,0.04,0,0,0,0,-
KOTA MANADO,0.76,0.04,0.19,0.41,0,0,0,0,0,0,0,0,-,0.76,0.04,0.19,0.41,0,0,0,0,0,0,0,0,-
KOTA KOTAMOBAGU,0.02,0.03,0,0,0.06,0.1,0,0,0.13,0.03,0,0,-,0.02,0.03,0,0,0.06,0.1,0,0,0.13,0.03,0,0,-
LUWUK,0.08,0.23,0.3,1.1,0,0.1,0.15,0.89,0.41,0.66,0.41,0.32,-,0.08,0.23,0.3,1.1,0,0.1,0.15,0.89,0.41,0.66,0.41,0.32,-
KAB MOROWALI,0,0,0,0,0,0,0,0,0,0,0.03,0,-,0,0,0,0,0,0,0,0,0,0,0.03,0,-
KAB TOLI TOLI,0.32,0.03,0,0.72,0,0,0,1.01,0,0.04,0.76,0.43,-,0.32,0.03,0,0.72,0,0,0,1.01,0,0.04,0.76,0.43,-
KOTA PALU,0.13,0.11,1.02,0.63,0,0.07,0,0.77,0,0.09,0,0.19,-,0.13,0.11,1.02,0.63,0,0.07,0,0.77,0,0.09,0,0.19,-
BULUKUMBA,0.33,0.25,0.18,0.2,0.29,0.23,0.13,0.01,0.01,0,0,0.1,-,0.33,0.25,0.18,0.2,0.29,0.23,0.13,0.01,0.01,0,0,0.1,-
WATAMPONE,0.22,0,0.7,0.43,0.37,0,0,0,0,0.18,0.12,0,-,0.22,0,0.7,0.43,0.37,0,0,0,0,0.18,0.12,0,-
KAB WAJO,0,0.02,0,0,0,0,0,0,0,0,0,0,-,0,0.02,0,0,0,0,0,0,0,0,0,0,-
KAB SIDENRENG RAPPANG,0,0,0,0,0,0,0.44,0.92,0.08,0,0,0,-,0,0,0,0,0,0,0.44,0.92,0.08,0,0,0,-
KAB LUWU TIMUR,0.18,0.07,0.06,0,0.05,0,0,0,0,0,0,0,-,0.18,0.07,0.06,0,0.05,0,0,0,0,0,0,0,-
KOTA MAKASSAR,0.81,0.32,0.06,0.11,0.17,0.04,0.01,0,0.06,0,0,0,-,0.81,0.32,0.06,0.11,0.17,0.04,0.01,0,0.06,0,0,0,-
KOTA PARE PARE,0.56,0.14,0,0.12,0.07,0,0.02,0.04,0.04,0,0,0,-,0.56,0.14,0,0.12,0.07,0,0.02,0.04,0.04,0,0,0,-
KOTA PALOPO,0.01,0,0,0,0.01,0,0,0,0,0,0,0,-,0.01,0,0,0,0.01,0,0,0,0,0,0,0,-
KAB KONAWE,0.75,0,0,0.2,0.28,0,0.49,0,0,0,0.02,0.29,-,0.75,0,0,0.2,0.28,0,0.49,0,0,0,0.02,0.29,-
KAB KOLAKA,0.13,0.05,0.21,0.26,0.12,0.06,0.04,0,0,0.75,0,0,-,0.13,0.05,0.21,0.26,0.12,0.06,0.04,0,0,0.75,0,0,-
KOTA KENDARI,2.06,0.23,0.13,0.13,0.03,0.09,0,0,0.09,0,0.01,0.22,-,2.06,0.23,0.13,0.13,0.03,0.09,0,0,0.09,0,0.01,0.22,-
KOTA BAU BAU,0,0.29,0.25,0.18,0.55,0,0.07,0,0.63,0.03,0.35,0,-,0,0.29,0.25,0.18,0.55,0,0.07,0,0.63,0.03,0.35,0,-
KAB GORONTALO,2.3,0.3,0,0,0.49,0,0,0,0.25,0,0,1.01,-,2.3,0.3,0,0,0.49,0,0,0,0.25,0,0,1.01,-
KOTA GORONTALO,0.11,0.06,0,0,0,0,0,0.02,0,0,0.04,0,-,0.11,0.06,0,0,0,0,0,0.02,0,0,0.04,0,-
KAB MAJENE,0,0,0,0,0.3,0,0,0.08,0,0,0,0.1,-,0,0,0,0,0.3,0,0,0.08,0,0,0,0.1,-
MAMUJU,0.12,0,0,1.08,0.05,0.01,0,0,0,0,0,0.53,-,0.12,0,0,1.08,0.05,0.01,0,0,0,0,0,0.53,-
KAB MALUKU TENGAH,0,0.05,0,0,0.03,0,0,0.11,0.06,0,0,0.09,-,0,0.05,0,0,0.03,0,0,0.11,0.06,0,0,0.09,-
KOTA AMBON,0.73,0.05,0.63,0,0,0.04,0,0.03,0.15,0,0.17,0.05,-,0.73,0.05,0.63,0,0,0.04,0,0.03,0.15,0,0.17,0.05,-
KOTA TUAL,0,0,0,0,0.65,0,0,0.07,0,0,0,0,-,0,0,0,0,0.65,0,0,0.07,0,0,0,0,-
KAB HALMAHERA TENGAH,0,0.06,0.07,0,0,0,0,0,0,0,0.03,0,-,0,0.06,0.07,0,0,0,0,0,0,0,0.03,0,-
KOTA TERNATE,0.95,0.43,0,0,0,0,0,0.46,0,0.2,0.21,0.24,-,0.95,0.43,0,0,0,0,0,0.46,0,0.2,0.21,0.24,-
MANOKWARI,1.17,0,0.35,0,0.56,0.37,1.16,0.15,0.25,0.06,0.38,0.1,-,1.17,0,0.35,0,0.56,0.37,1.16,0.15,0.25,0.06,0.38,0.1,-
KAB SORONG,0,0,0,0,0,0,0,0.02,0.35,0,0,0,-,0,0,0,0,0,0,0,0.02,0.35,0,0,0,-
KAB SORONG SELATAN,0.02,0,0,0.16,0,0,0.43,0,0,0.26,0,0,-,0.02,0,0,0.16,0,0,0.43,0,0,0.26,0,0,-
KOTA SORONG,0.53,0.29,0.46,0.31,0.09,0.24,0.34,0.76,0.25,0,0,0,-,0.53,0.29,0.46,0.31,0.09,0.24,0.34,0.76,0.25,0,0,0,-
KOTA JAYAPURA,0,0,0,0,0,0.1,0,0.21,0,0,0,0.23,-,0,0,0,0,0,0.1,0,0.21,0,0,0,0.23,-
MERAUKE,1.31,0.38,0.1,1.01,0.07,0.11,0,0.11,0.01,0.14,0.06,0,-,1.31,0.38,0.1,1.01,0.07,0.11,0,0.11,0.01,0.14,0.06,0,-
TIMIKA,2.44,0,0.57,0.03,0.39,0,0,0,0,0,0.1,0,-,2.44,0,0.57,0.03,0.39,0,0,0,0,0,0.1,0,-
KAB NABIRE,0,0,0.79,0.18,0,0.08,0,0,0,0,0,0.12,-,0,0,0.79,0.18,0,0.08,0,0,0,0,0,0.12,-
KAB JAYAWIJAYA,0,0,0,0,0,0,0,0,0,0,0,0,-,0,0,0,0,0,0,0,0,0,0,0,0,-
INDONESIA,0.3,0.17,0.12,0.19,0.09,0.07,0.07,0.1,0.08,0.06,0.06,0.13,-,0.3,0.17,0.12,0.19,0.09,0.07,0.07,0.1,0.08,0.06,0.06,0.13,-