150 Kabupaten/Kota Inflasi (2022=100),,,,,,,,,,,,,,,,,,,,,,,,,,,,,,,,,,,,,,,,,,,,,,,,,,,,,,,,,,,,,,,,,
,"Inflasi Bulanan (M-to-M) (2022=100) Menurut Kelompok dan Sub Kelompok 01 Makanan, Minuman dan Tembakau",,,,,,,,,,,,,,,,,,,,,,,,,,,,,,,,,,,,,,,,,,,,,,,,,,,,,,,,,,,,,,,,
,"Makanan, Minuman dan Tembakau",,,,,,,,,,,,,Makanan,,,,,,,,,,,,,Minuman yang Tidak Beralkohol,,,,,,,,,,,,,Minuman Beralkohol,,,,,,,,,,,,,Rokok dan Tembakau,,,,,,,,,,,,
,2025,,,,,,,,,,,,,2025,,,,,,,,,,,,,2025,,,,,,,,,,,,,2025,,,,,,,,,,,,,2025,,,,,,,,,,,,
,Januari,Februari,Maret,April,Mei,Juni,Juli,Agustus,September,Oktober,November,Desember,Tahunan,Januari,Februari,Maret,April,Mei,Juni,Juli,Agustus,September,Oktober,November,Desember,Tahunan,Januari,Februari,Maret,April,Mei,Juni,Juli,Agustus,September,Oktober,November,Desember,Tahunan,Januari,Februari,Maret,April,Mei,Juni,Juli,Agustus,September,Oktober,November,Desember,Tahunan,Januari,Februari,Maret,April,Mei,Juni,Juli,Agustus,September,Oktober,November,Desember,Tahunan
KAB ACEH TENGAH,3.79,-0.04,-0.15,2.98,-1.25,-0.69,1.16,3.12,-0.3,-0.41,-2.35,9.36,-,4.77,-0.73,-0.5,3.85,-1.73,-1.12,0.79,3.91,-0.4,-0.54,-3.1,11.83,-,-0.22,1.9,-0.05,0.15,-0.24,1.49,0.67,0,0.09,-0.18,-0.13,0.02,-,-,-,-,-,-,-,-,-,-,-,-,-,-,0.92,2.23,1.24,0.21,0.5,0.46,2.71,0.82,0,0.05,0.1,2.17,-
MEULABOH,2.09,-0.53,1.31,0.2,-0.3,-0.04,1.08,1.53,0.26,-1.03,-1.52,4.82,-,2.7,-0.68,1.16,0.26,-0.39,-0.62,1.36,1.95,0.35,-1.32,-2.11,6.25,-,0.01,-0.45,-1.15,0.13,0.14,0.12,0.77,0.37,-0.39,0,0.2,-0.6,-,-,-,-,-,-,-,-,-,-,-,-,-,-,0,0.09,2.36,0,0,2.34,0,0,0,0,0.59,0.13,-
KAB ACEH TAMIANG,4.05,-0.17,0.02,0.07,-2.91,0.06,1.92,2.06,0.45,-0.22,-1.58,9.18,-,5,-0.31,0.03,0.07,-3.61,0.02,2.39,2.62,0.49,-0.58,-2.06,11.37,-,0,0,0,0,-2.39,0,0,0.1,0,0,0,0.46,-,-,-,-,-,-,-,-,-,-,-,-,-,-,1.04,0.38,0.02,0.06,0.23,0.23,0.41,0.07,0.43,1.39,0.11,2.08,-
KOTA BANDA ACEH,2.78,-0.47,0.65,1.76,-1.12,-0.6,1.22,1.54,0.85,-0.47,-1.64,7.02,-,3.29,-0.58,0.74,2.02,-1.34,-0.78,1.33,1.78,0.97,-0.55,-1.97,8.27,-,0.01,-0.52,0.06,0.56,0.04,0.02,-0.04,0.16,0.2,0,0.44,-0.16,-,-,-,-,-,-,-,-,-,-,-,-,-,-,0,0.56,0.23,0.23,0,0.59,1.03,0.15,0.24,0,0.1,0.28,-
KOTA LHOKSEUMAWE,4.67,-1.04,0.29,0.8,-1.31,-0.6,2.02,2.18,-0.2,-0.33,-1.62,5.16,-,5.67,-1.28,0.11,0.88,-1.63,-0.74,2.47,2.65,-0.24,-0.41,-1.96,6.26,-,0.61,0.11,-0.49,0,0,0,0,0,0,0.03,0.03,0,-,-,-,-,-,-,-,-,-,-,-,-,-,-,0,0,1.8,0.55,0.19,0,0,0,0,0,0,0,-
KAB LABUHANBATU,2.4,-0.36,-0.64,0.45,-1.73,-0.97,0.35,4.63,2.26,-1.77,-2.18,3.99,-,3.11,-0.62,-1.31,0.49,-2.23,-1.38,0.39,5.94,2.74,-2.28,-2.75,5.06,-,-1.07,1.78,3.84,0.47,-0.23,0,0,-0.28,-0.03,0.74,0,0.24,-,-,-,-,-,-,-,-,-,-,-,-,-,-,0,0.29,1.35,0.25,0.17,0.74,0.23,0.1,0.55,0.06,0.02,0,-
KAB KARO,2.47,-1,-0.8,0.42,-0.57,-1.03,1.46,3.01,0.89,-1.29,-2.08,2.73,-,3.13,-1.26,-1.01,0.54,-0.72,-1.3,1.85,4.01,1.11,-1.61,-2.6,3.43,-,-0.36,0,0,0,0,0.01,0,-0.21,-0.41,0.07,0,-0.3,-,0,0,0,0,0,0,0,0,0,0,0,0,-,0,0,0,0,0,0,0,-0.9,0,-0.02,0,0,-
KAB DELI SERDANG,3.27,0.18,-0.63,1.02,-1.57,-1.1,2.51,3.79,1.31,-1.24,-1.63,3.82,-,4.02,-0.03,-1.04,1.27,-1.96,-1.37,2.82,4.63,1.6,-1.52,-2.06,4.56,-,0.58,2.8,1.28,-0.73,-0.29,0,1.09,-0.59,0.27,0,0.12,0.97,-,-,-,-,-,-,-,-,-,-,-,-,-,-,0,0.38,1.04,0.28,0.21,0,1.4,0.75,0.01,0,0.25,0.6,-
KOTA SIBOLGA,1.87,-0.42,-0.82,1.54,-1.03,-0.65,1.59,2,1.51,-0.63,-2.22,7.25,-,2.33,-0.56,-1.09,1.88,-1.43,-0.87,1.96,2.28,1.8,-0.83,-2.85,8.66,-,0.39,0,0.05,1.1,0.27,0.26,0,0.68,0.62,0,-0.03,0.36,-,0,0,0,0,0,0,0,0,0,0,0,12.5,-,0.24,0.06,0.21,0.06,0.51,0.09,0.37,1.13,0.39,0.15,0.06,2.74,-
KOTA PEMATANGSIANTAR,1.37,0.23,-0.09,0.32,-0.73,-0.66,1.98,3,0.77,-1.83,-0.57,2.88,-,1.38,0.14,-0.15,0.37,-0.9,-0.88,2.47,3.55,0.86,-2.33,-0.75,3.57,-,6.1,2.78,0.79,-0.24,-0.01,-0.03,0,0.32,0,0,0,0.21,-,0,0,0,0,0,0,0,0,0,0,0,0,-,0.21,0.14,0,0.19,0,0.29,0,0.83,0.53,0.35,0.19,0,-
KOTA MEDAN,2.83,-0.94,-0.31,0.32,-1.57,-0.52,1.8,3.73,1.13,-1.1,-1.22,4.26,-,3.28,-1.12,-0.36,0.3,-1.89,-0.64,2.1,4.4,1.32,-1.34,-1.43,5.02,-,0.17,0.21,0.08,0.97,0.19,0.19,0.12,-0.15,-0.19,0.28,-0.26,0.13,-,-,-,-,-,-,-,-,-,-,-,-,-,-,0.63,0.01,0,0.01,0.25,0.11,0.24,0.37,0.15,0.25,0.11,0.1,-
KOTA PADANGSIDIMPUAN,2.69,0.14,0.05,1.76,-1.74,-0.92,0.97,2.43,3.62,-1.44,-2.41,3.03,-,3.4,0.12,0.06,1.92,-2.21,-1.21,0.99,3.06,4.44,-1.84,-3.03,3.81,-,0.39,0.33,0.14,0.44,0.06,0.13,-0.09,0.32,0.25,0,-0.04,0,-,-,-,-,-,-,-,-,-,-,-,-,-,-,0.01,0.22,0.01,1.34,0.01,0.23,1.01,0.11,0.51,0.2,0.01,0.15,-
KOTA GUNUNGSITOLI,2.64,-1.96,-1.14,0.72,-0.94,-1.16,0.34,3.29,1.92,-1.59,-0.03,15.75,-,3.05,-2.37,-1.52,0.85,-1.1,-1.37,0.4,3.75,2.19,-1.92,-0.06,18.29,-,0,1.52,0,0,0,0.34,0,0.36,0,1.17,0.02,-0.24,-,0,0,0,1.2,0,0,0,0,-2.98,0,0,0,-,0,0,2.65,0,0,0,0,0.59,0.34,0,0.49,0,-
KAB DHARMASRAYA,3.71,-0.63,-0.23,1.55,-2.04,-0.03,1.86,1.67,1.91,-0.89,-1.19,2.89,-,4.41,-0.94,-0.32,1.94,-2.66,-0.09,2.34,2.08,2.38,-1.1,-1.48,3.59,-,0,0.21,0,0,0.39,0.04,0,0,0,0,0,0.19,-,-,-,-,-,-,-,-,-,-,-,-,-,-,1.21,0.71,0.17,0,0.41,0.28,0,0,0.01,0,0,0,-
KAB PASAMAN BARAT,5.25,0.44,-2.14,3.51,-5.59,-0.68,2.47,2.36,3.26,0.55,-1.79,5.28,-,6.54,0.46,-2.8,4.47,-7.2,-1.07,3.19,2.96,4.21,0.7,-2.28,6.78,-,0,-0.86,0.07,0.05,0,0,0.05,0,-0.2,0,0,0,-,-,-,-,-,-,-,-,-,-,-,-,-,-,1.08,0.58,0.24,0.2,0.25,0.72,0.17,0.35,0,0,0,0,-
KOTA PADANG,3.03,-0.17,-0.05,1.36,-1.95,-1.33,1.4,1.19,1.33,0.85,-0.33,3.36,-,3.78,-0.27,-0.12,1.62,-2.48,-1.72,1.47,1.41,1.7,1.04,-0.47,4.23,-,1.04,0.52,0.62,1.09,0.08,-0.2,0.16,0.29,-0.3,0,0.14,0,-,-,-,-,-,-,-,-,-,-,-,-,-,-,0.14,0.05,0.03,0.09,0.03,0.13,1.56,0.46,0.14,0.22,0.17,0.25,-
KOTA BUKITTINGGI,2.95,-0.52,0.26,1.86,-2.23,-1.27,1.47,1.52,3,-0.16,-1.46,2.15,-,3.69,-0.72,0.31,2.25,-2.78,-1.67,1.78,1.84,3.69,-0.21,-1.85,2.69,-,0,0.06,0.15,0.6,0,0.21,0.07,0.07,0,0.07,0.3,0,-,-,-,-,-,-,-,-,-,-,-,-,-,-,0.24,0.33,0.03,0.21,0.04,0.23,0.41,0.36,0.44,0,0.02,0.06,-
TEMBILAHAN,2.39,-0.82,2.4,0.67,-0.94,-0.68,1.07,0.5,3.62,-0.29,-0.91,1.84,-,2.87,-1.03,2.89,0.79,-1.18,-0.91,1.24,0.48,4.36,-0.37,-1.1,2.23,-,0.26,0.2,0.57,0.22,0.07,-0.1,-0.01,0.39,0.13,0.06,0,-0.01,-,-,-,-,-,-,-,-,-,-,-,-,-,-,0.17,0.15,0.01,0.01,0.23,0.64,0.44,0.65,0.16,0.15,0.01,0,-
KAB KAMPAR,4.77,-1.73,0.11,2.15,-3.84,-1.18,2.52,2.33,3.26,-2.08,-0.92,4.2,-,5.91,-2.24,0.01,2.63,-4.85,-1.55,3.02,2.79,4.07,-2.58,-1.17,5.27,-,0,0,1.59,1.4,0.35,-0.66,1.37,0,0,-2.01,0,-0.1,-,-,-,-,-,-,-,-,-,-,-,-,-,-,0.51,0.33,0.32,0.06,0.06,0.32,0.6,0.73,0.22,0.25,0,0.17,-
KOTA PEKANBARU,2.88,-0.21,0.41,1.38,-2.2,-0.74,1.34,1.8,2.75,-0.63,-0.9,2.32,-,3.38,-0.3,0.51,1.69,-2.72,-0.95,1.47,2.23,3.33,-0.8,-1.16,2.86,-,-0.23,0.31,0.02,0.3,-0.08,0.18,0.64,0.08,0.05,0.08,0,0.37,-,-,-,-,-,-,-,-,-,-,-,-,-,-,1.36,0.15,0,0.04,0.05,0.04,0.87,0.11,0.5,0.14,0.22,0,-
KOTA DUMAI,2.74,-0.9,-0.22,1.87,-2.48,-0.46,1.5,2.95,3.1,-0.49,-1.73,2.32,-,3.46,-1.35,-0.32,2.22,-3.19,-0.62,1.78,3.52,3.84,-0.59,-2.31,2.95,-,0.01,0.14,0.33,0.07,0.3,0.05,0.13,1.11,0.35,-0.17,0.52,-0.64,-,-,-,-,-,-,-,-,-,-,-,-,-,-,0.11,1.16,0.04,0.7,0.31,0.16,0.55,0.67,0.15,0,0.59,0.15,-
KAB KERINCI,2.92,0.47,0.32,2.03,-2.43,1.47,3.13,0.54,0.94,0.32,-2.04,0.97,-,3.69,0.49,-0.62,2.54,-3.1,1.65,4,0.67,1.13,0.38,-2.82,1.12,-,0,-0.07,19.15,0,0,0,0,0,0,0,0.09,0,-,-,-,-,-,-,-,-,-,-,-,-,-,-,0.18,0.53,1.05,0.22,0,1.09,0.03,0.03,0.31,0.08,1.08,0.47,-
MUARA BUNGO,3.35,-0.79,0.82,2.12,-1.81,-0.86,2.08,1.01,0.89,-0.36,-0.81,1.45,-,4.36,-1.23,0.99,2.39,-2.41,-1.17,2.7,1.17,1.02,-0.66,-1.15,1.88,-,-0.11,-0.08,0.32,2.59,-0.23,0.23,-0.06,-0.63,0.03,0.21,0.32,-0.28,-,-,-,-,-,-,-,-,-,-,-,-,-,-,0,0.98,0.19,0.81,0.46,0.18,0.05,0.68,0.54,0.82,0.4,0,-
KOTA JAMBI,2.77,-0.57,0.3,0.76,-2.11,-0.27,1.18,0.26,2.11,-1.56,0.69,1.78,-,3.33,-0.72,0.31,0.81,-2.53,-0.36,1.42,0.31,2.5,-1.98,0.58,2.13,-,0.02,-0.19,-0.05,0.3,0,-0.36,-0.08,0,0.21,-0.01,0.07,0.13,-,-,-,-,-,-,-,-,-,-,-,-,-,-,0,0.49,0.42,0.64,0.06,0.53,0.03,0,0.18,0.94,2.02,0.06,-
KAB OGAN KOMERING ILIR,2.16,-0.4,0.97,0.19,-0.49,-0.44,0.22,-0.48,-0.18,-0.23,0.08,1.23,-,1.75,-0.51,1.2,0.23,-0.62,-0.55,0.29,-0.61,-0.36,-0.3,0.11,1.57,-,-0.73,0,0,0,0,0,0,0,0,0,0,0,-,-,-,-,-,-,-,-,-,-,-,-,-,-,4.61,0,0.21,0,0,0,0,0,0.57,0,0,0,-
KAB MUARA ENIM,2.06,-1.73,1.34,1.16,-2.19,-0.13,0.15,0.47,0.53,-0.72,0,1.4,-,2.37,-2.16,1.67,1.36,-2.76,-0.18,0.19,0.59,0.65,-0.76,0,1.75,-,1.97,0,0,1.57,0.47,0.16,0,0,0,-2.45,0,0,-,-,-,-,-,-,-,-,-,-,-,-,-,-,0.45,0,0,0,0,0,0,0,0,0,0,0,-
KOTA PALEMBANG,2.43,-0.78,1.22,0.45,-0.49,0.02,0.39,-0.4,0.61,-0.17,0.03,0.91,-,2.89,-0.92,1.44,0.57,-0.68,0.02,0.42,-0.49,0.53,-0.26,0.03,1.07,-,0,0.18,-0.08,-0.65,1.88,-0.05,0.15,0.15,-0.07,0.64,-0.09,0.12,-,-,-,-,-,-,-,-,-,-,-,-,-,-,0.02,0,0.12,0,0,0.06,0.12,0.07,1.45,0.14,0.07,0.07,-
KOTA LUBUK LINGGAU,1.67,0.53,1.06,-0.02,-1.07,0.08,0.28,0.26,0.29,-0.65,-0.23,0.84,-,1.98,0.6,1.21,-0.08,-1.41,0.05,0.28,0.21,0.21,-0.83,-0.31,1.02,-,0.08,0.32,0.92,1.15,0.18,0,-0.35,0,-0.02,0.87,0.02,-0.1,-,-,-,-,-,-,-,-,-,-,-,-,-,-,0.27,0.1,0.11,0.05,0.68,0.32,0.45,0.63,0.86,0.04,0.14,0.04,-
KAB MUKO MUKO,3.55,-1.06,0.28,1.97,-0.97,-1.64,1.75,0.73,2.84,0.02,-0.58,0.76,-,4.55,-1.39,0.36,2.58,-1.26,-2.15,1.99,0.8,3.71,0.02,-0.87,0.97,-,-0.03,0,0,0,0,0,0.96,0.03,0,0,0.61,0,-,-,-,-,-,-,-,-,-,-,-,-,-,-,0.48,0,0,0,0,0,0.99,0.63,0.02,0,0.36,0.06,-
KOTA BENGKULU,2.15,-0.25,-0.15,0.39,-0.77,0.25,0.82,0.53,2.03,0.16,0.01,1.39,-,2.61,-0.48,-0.15,0.41,-1,0.15,0.96,0.54,2.58,-0.01,0.07,1.7,-,0.74,0.29,-1.31,0.64,-0.6,1,0.11,0,-1.35,2.14,-0.9,0.92,-,-,-,-,-,-,-,-,-,-,-,-,-,-,0.43,0.61,0.17,0.24,0.3,0.43,0.45,0.62,0.46,0.39,0,0.05,-
KAB LAMPUNG TIMUR,1.41,-0.66,3.49,0.75,-1.68,-0.3,0.77,0.17,-1.07,-0.56,0.99,1.69,-,1.77,-0.83,4.4,0.92,-2.32,-0.37,0.96,0.07,-1.39,-0.72,1.22,2.12,-,0,0,0,0,2.22,0,0,0,-1.29,0,0.5,0,-,-,-,-,-,-,-,-,-,-,-,-,-,-,0,0,0,0,0.58,0,0,0.79,0.74,0.04,0,0,-
KAB MESUJI,2.35,-0.72,1.49,2.12,-2.22,0.68,0.13,-0.06,-1.22,0.27,-0.15,1.96,-,2.47,-0.78,2.19,2.5,-2.91,0.85,0.2,-0.01,-1.58,0.24,-0.36,2.54,-,5.3,-2.32,-4.34,0,1.02,0,-0.55,-1.01,0.03,-0.04,0,0.05,-,-,-,-,-,-,-,-,-,-,-,-,-,-,1.02,0,0,1,0,0.08,0.04,0,0,0.48,0.71,0,-
KOTA BANDAR LAMPUNG,1.35,-0.36,1.64,0.18,-1.4,0.3,0.12,-1.2,0.82,0.36,0.39,1.11,-,1.58,-0.52,1.92,0.1,-1.85,0.31,0.1,-1.51,0.96,0.44,0.45,1.39,-,0.76,0.21,1.35,0.74,0.6,0.3,-0.23,0.06,0.02,-0.04,0.04,-0.22,-,-,-,-,-,-,-,-,-,-,-,-,-,-,0.27,0.36,0.08,0.4,0.35,0.32,0.37,0.01,0.41,0.05,0.23,0.06,-
KOTA METRO,3.55,-1.41,1.65,-1.15,-1.59,-0.05,0.67,-0.82,1.35,-0.02,0.33,1.85,-,4.2,-1.75,2.04,-1.44,-2,-0.12,0.85,-1.05,1.71,-0.16,0.29,2.34,-,5.45,-0.32,0.74,0.02,-0.01,1.04,0.12,0.34,-0.17,2.58,1.08,0.07,-,-,-,-,-,-,-,-,-,-,-,-,-,-,0,0.01,0,0.01,0,0,0.02,0,0.01,0,0.34,0,-
TANJUNG PANDAN,3.19,-1.14,-3.29,2.21,-2.13,1.31,3.2,-1.41,1.13,2.2,-1.8,1.4,-,4.09,-1.45,-4.34,2.85,-2.83,1.71,4,-1.81,1.16,2.84,-2.26,1.79,-,0,0,0,0,0,0,0,-0.11,0,0,-0.92,0,-,-,-,-,-,-,-,-,-,-,-,-,-,-,0.13,0,0.54,0,0.36,0,0.6,0.11,1.34,0,0.09,0,-
KAB BANGKA BARAT,3.07,-0.64,1.58,1.13,-2.68,-1.02,0.34,0.11,1.44,0.61,1.41,2.34,-,3.75,-0.9,1.89,1.27,-3.33,-1.3,0.41,0.01,1.78,0.52,1.74,2.82,-,0,1.55,-0.01,0.24,0.16,0,-0.19,0.08,-0.25,0.31,-0.14,-0.12,-,-,-,-,-,-,-,-,-,-,-,-,-,-,0.3,0.17,0.37,0.69,0.05,0.25,0.13,0.64,0.11,1.14,0.06,0.37,-
KAB BELITUNG TIMUR,2.9,-0.17,-1.74,1.36,-2.58,2,2.58,-1.55,-0.57,2.42,-0.04,0.63,-,3.51,-0.21,-2.19,1.71,-3.34,2.55,3.26,-2.01,-0.71,3.05,-0.06,0.79,-,0.95,0,0,0,0,0,0,0,0,0,0,0,-,-,-,-,-,-,-,-,-,-,-,-,-,-,0.53,0,0,0,0.5,0,0,0.39,0,0.02,0,0,-
KOTA PANGKAL PINANG,2.72,-0.25,-0.44,2.65,-2.87,1.28,1.31,-1.19,1.87,-0.1,1.94,0.17,-,3.3,-0.43,-0.6,3.38,-3.74,1.61,1.64,-1.46,2.23,-0.19,2.47,0.19,-,0.06,0.32,0.01,0.04,0.16,0.25,0.03,-1.27,1.89,0.28,0.11,-0.02,-,-,-,-,-,-,-,-,-,-,-,-,-,-,0.96,0.42,0.12,0.05,0.4,0.11,0.18,0.19,0.1,0.19,0,0.21,-
KAB KARIMUN,3.18,-2.6,-1.07,3.37,-3.12,-1.55,1.16,2.25,2.04,-1.28,0.12,2.13,-,3.87,-3.14,-1.4,4.11,-3.77,-1.89,1.37,2.57,2.31,-1.55,0.03,2.59,-,-0.11,0,1.02,-0.2,0.01,0,0,0,0,0,0.15,0,-,-,-,-,-,-,-,-,-,-,-,-,-,-,0,0.07,0,0.06,0.03,0,0.29,1.28,1.2,0,0.67,0.02,-
KOTA BATAM,2.44,-0.77,-0.01,0.39,-1.61,-0.45,0.33,0.59,1.78,-0.02,-0.41,2.88,-,2.85,-0.97,-0.07,0.4,-2.11,-0.59,0.28,0.65,2.08,-0.08,-0.5,3.42,-,0.54,0.05,0.1,0.03,0.48,0,0.25,0,0.07,-0.01,0,0.16,-,-0.71,1.33,0,0.43,0,0,-1.03,0,0,0,1.62,0,-,0.43,0.36,0.42,0.62,1.18,0.29,0.87,0.53,0.58,0.49,0.01,0.54,-
KOTA TANJUNG PINANG,1.51,-0.44,-0.7,-0.18,-1.38,-0.19,0.57,1.09,1.21,-0.13,-0.18,3.78,-,1.82,-0.62,-0.84,-0.24,-1.7,-0.29,0.59,1.17,1.27,-0.17,-0.25,4.58,-,0.3,0.52,0.01,0,0.02,0,0.04,-0.01,0.08,0,0.01,0.2,-,-,-,-,-,-,-,-,-,-,-,-,-,-,0,0.28,0,0.11,0.2,0.41,0.67,1.19,1.3,0.18,0.17,0,-
KOTA JAKARTA,1.82,-0.65,1.7,0.16,-1.4,0.44,0.36,-0.69,0.32,0.33,0.2,1.07,-,2.1,-0.85,2.12,0.19,-1.77,0.53,0.41,-0.93,0.37,0.4,0.25,1.33,-,0.52,0.13,0.08,-0.02,0.11,0.13,0.25,0.03,-0.01,-0.03,0.03,0.1,-,-,-,-,-,-,-,-,-,-,-,-,-,-,0.86,0,0,0.04,0.07,0.03,0.05,0.51,0.29,0.1,0.03,0,-
KAB BANDUNG,1.11,-0.16,1.17,-0.33,-1.04,0.41,0.48,-0.48,0.34,0.76,-0.08,0.89,-,1.29,-0.3,1.43,-0.52,-1.44,0.56,0.57,-0.66,0.37,1,-0.11,1.16,-,0.54,0.84,0.34,0.87,0.61,-0.3,0.54,0,0.42,-0.2,0,-0.01,-,-,-,-,-,-,-,-,-,-,-,-,-,-,0.51,0,0.28,0,0.12,0,0,0.12,0.17,0,0,0,-
KAB MAJALENGKA,1.42,-0.67,0.75,-0.11,-0.35,0.44,1,-0.14,0.24,0.22,0.46,0.3,-,1.51,-1.03,1.03,-0.27,-0.5,0.54,1.34,-0.25,0.19,0.27,0.59,0.29,-,0.71,0.12,-0.09,0.51,-0.28,0.14,0.02,-0.05,0.09,0,-0.33,0.1,-,-,-,-,-,-,-,-,-,-,-,-,-,-,1.47,0.39,0,0.3,0.17,0.21,0.16,0.22,0.52,0.08,0.38,0.46,-
KAB SUBANG,0.54,-0.04,1.37,-0.8,-0.47,0.64,0.33,-0.6,0.02,0.6,0.05,1.31,-,0.7,-0.31,1.49,-1.09,-0.79,0.92,0.46,-0.8,-0.02,0.69,0.05,1.67,-,0.22,1.35,2.46,0,-0.23,-0.39,0.01,0,-0.2,0.03,0.21,0.61,-,-,-,-,-,-,-,-,-,-,-,-,-,-,0,0.37,0.08,0,0.9,0,0,0,0.3,0.55,0,0,-
KOTA BOGOR,2.48,-0.73,1.47,-0.56,-1.33,1.03,0.5,-0.63,-0.01,0.82,0.04,0.9,-,2.96,-1.07,1.8,-0.74,-1.73,1.22,0.63,-0.83,0.16,0.81,0.05,0.95,-,0.08,1,0.14,0,0.53,-0.05,0,0.05,-2.12,-0.67,0,0.65,-,-,-,-,-,-,-,-,-,-,-,-,-,-,0.76,0.6,0.03,0.35,0.24,0.44,0,0.23,0.2,1.68,0,0.71,-
KOTA SUKABUMI,1.86,0.29,1.18,-0.38,-0.34,0.96,0.28,-0.33,-0.07,0.28,-0.12,0.72,-,1.47,-0.41,1.5,-0.58,-0.56,0.97,0.26,-0.54,-0.11,0.36,-0.18,0.97,-,3.66,0.11,0.5,0.43,-0.1,1.42,-0.7,0.29,0.01,0,-0.35,0.02,-,-,-,-,-,-,-,-,-,-,-,-,-,-,2.8,3.56,0.1,0.13,0.54,0.68,0.82,0.33,0.06,0.06,0.25,0,-
KOTA BANDUNG,1.83,-0.36,1.03,-1.09,-1.24,0.63,0.39,-0.36,0.44,0.71,0.39,1.32,-,2.41,-0.55,1.45,-1.36,-1.72,0.86,0.54,-0.71,0.54,0.91,0.4,1.84,-,0.37,0.33,-0.04,-1.92,-0.28,0.23,-0.32,0.26,-0.03,-0.01,0.35,0.07,-,-,-,-,-,-,-,-,-,-,-,-,-,-,0.47,0.02,0,0.05,0.01,0.03,0.12,0.56,0.24,0.33,0.33,0.08,-
KOTA CIREBON,1.58,-0.29,2.16,-1.7,-0.56,1.13,1.31,-1.04,0.44,0.72,0.37,0.87,-,1.36,-0.43,2.64,-2.1,-0.7,1.35,1.55,-1.41,0.31,0.89,0.46,1.06,-,0.1,0.42,-0.05,0.07,0.14,0.23,0.01,0.62,1.06,0,0,0.01,-,-,-,-,-,-,-,-,-,-,-,-,-,-,3.67,0.25,0.27,0,0,0.21,0.38,0.52,0.97,0,0,0,-
KOTA BEKASI,2.66,-0.58,1.28,0.11,-1.65,1.05,0.31,-0.95,0.18,0.89,0.43,0.98,-,3.17,-0.82,1.55,0.13,-2.11,1.31,0.39,-1.2,0.19,0.82,0.39,1.12,-,1.58,1.02,0.52,0.02,0.4,0,0,0,0.23,1.06,0.83,0.97,-,-,-,-,-,-,-,-,-,-,-,-,-,-,0.11,0.02,0,0,0,0.05,0,0.05,0.01,1.19,0.44,0.04,-
KOTA DEPOK,1.39,-0.48,1.76,0.03,-1.31,0.86,0.47,-0.84,0.4,0.64,-0.15,0.84,-,1.59,-0.82,2.1,0.04,-1.69,0.9,0.57,-0.98,0.18,0.81,-0.13,0.92,-,1.71,1.33,1.47,-0.03,-0.31,1.01,0.33,-1.1,1.74,0.31,-0.56,0.55,-,-,-,-,-,-,-,-,-,-,-,-,-,-,0,0,0.11,0.03,0,0.47,0.1,0.17,0.53,0.02,0.05,0.68,-
KOTA TASIKMALAYA,0.58,-0.12,0.94,-0.44,-0.46,0.67,0.47,-0.63,0.6,0.25,0.25,1.07,-,0.71,-0.4,1.19,-0.64,-0.62,0.86,0.59,-0.99,0.72,0.34,0.21,1.45,-,0.02,1.26,0.01,0.08,-0.23,-0.02,0.01,0.21,0.16,0,0.38,0,-,-,-,-,-,-,-,-,-,-,-,-,-,-,0.38,0.29,0.45,0.07,0.14,0.21,0.2,0.44,0.28,0.07,0.35,0.02,-
CILACAP,2.3,-0.83,1.49,-0.88,-1.82,1.37,0.36,-0.55,0.68,0.14,0.31,1.39,-,2.88,-1.26,1.88,-1.15,-2.37,1.77,0.4,-0.71,0.82,0.15,0.33,1.79,-,0.2,0.55,0.21,0.03,-0.18,-0.05,0.06,0.06,0.25,0.05,0.07,0.17,-,-,-,-,-,-,-,-,-,-,-,-,-,-,0.53,0.63,0.15,0.02,0.11,0.2,0.32,0.01,0.21,0.15,0.29,0.02,-
PURWOKERTO,1.76,-0.5,1.48,-0.74,-1.62,0.93,0.03,-0.5,0.63,0.31,0.21,1.47,-,2.11,-0.71,1.77,-0.95,-2.1,1.07,-0.04,-0.67,0.74,0.3,0.25,1.77,-,0.95,0.27,0.68,0.13,0.64,0.36,0.03,0.07,0.14,0,0.08,-0.01,-,-,-,-,-,-,-,-,-,-,-,-,-,-,0.11,0.41,0.12,0.08,0.14,0.48,0.35,0.2,0.29,0.59,0.04,0.53,-
KAB WONOSOBO,1.79,-0.65,1.82,0.19,-2.27,0.78,0.11,-0.69,0.11,0.74,0.5,1.24,-,2.09,-1,2.23,0.24,-2.87,0.97,-0.04,-1.1,-0.02,0.89,0.64,1.52,-,1.99,2.2,-0.06,0,-0.16,0,0.18,0,0.01,-0.56,-0.34,0.12,-,-,-,-,-,-,-,-,-,-,-,-,-,-,0.14,0.27,0.29,0.01,0.28,0.04,0.83,1.2,0.82,0.4,0.1,0.16,-
KAB WONOGIRI,1.47,-1.16,2.15,-0.28,-1.42,1.09,-0.04,-0.62,0.14,0.55,0.36,1.9,-,1.84,-1.49,2.73,-0.42,-1.81,1.37,-0.15,-0.85,0.12,0.54,0.44,2.39,-,-0.05,0.02,-0.23,-0.27,0.28,0.08,-0.05,0,0.02,0.22,0.06,-0.01,-,-,-,-,-,-,-,-,-,-,-,-,-,-,0.11,0.24,0,0.46,0.06,0,0.59,0.44,0.28,0.79,0,0.02,-
KAB REMBANG,2.08,-0.74,1.09,0.75,-1.63,0.27,0.76,-0.86,0.26,0.92,0.29,0.56,-,2.16,-1.08,1.26,0.91,-2.07,0.17,0.95,-1.09,0.29,1.06,0.35,0.68,-,2.49,1.42,0.1,0.16,0.02,0.04,-0.01,0.26,0.16,0.33,-0.07,0.04,-,-,-,-,-,-,-,-,-,-,-,-,-,-,1.53,0.24,0.56,0.19,0.07,0.85,0.06,0,0.11,0.41,0.11,0.13,-
KUDUS,1.79,-0.29,1.66,-0.06,-1.72,0.46,0.03,-0.71,0.2,0.84,0.52,1.42,-,2.2,-0.57,2.02,-0.09,-2.16,0.58,0.01,-1,0.1,0.96,0.63,1.75,-,0,0.62,0.16,0.01,0.49,-0.09,0.09,-0.01,0.29,0,0.06,0,-,-,-,-,-,-,-,-,-,-,-,-,-,-,0.09,1.03,0.23,0,0.03,0,0.11,0.78,0.86,0.51,0.06,0.01,-
KOTA SURAKARTA,2.17,-0.61,1.51,-0.79,-1.73,0.71,0.04,-0.66,0.86,0.98,0.55,1.53,-,2.61,-0.8,1.75,-0.91,-2.08,0.84,0.04,-0.87,0.98,1.14,0.62,1.83,-,0,0.2,0.65,-0.69,-0.17,0.26,-0.38,0.21,0.07,0.19,0.35,-0.04,-,-,-,-,-,-,-,-,-,-,-,-,-,-,0.17,0.51,0.16,0.03,0.15,0.07,0.43,0.55,0.48,0.2,0.2,0.23,-
KOTA SEMARANG,1.93,-0.49,1.38,-0.09,-1.65,0.9,0.05,-0.69,0.37,0.5,0.62,1.12,-,2.31,-0.71,1.49,-0.19,-2.05,1.06,0.03,-0.85,0.41,0.57,0.74,1.32,-,0.5,0.57,0.32,0.79,0.07,0.04,0.12,-0.23,0.01,-0.07,0.18,0.1,-,-,-,-,-,-,-,-,-,-,-,-,-,-,0.04,0.36,1.43,0.03,0.19,0.27,0.27,0.25,0.31,0.48,0.07,0.25,-
KOTA TEGAL,1.9,-0.33,1.63,-0.67,-1.4,0.13,0.67,-0.28,0.63,0.65,0.22,1.03,-,2.3,-0.55,2.13,-0.98,-1.94,0.15,0.63,-0.42,0.66,0.67,0.21,1.37,-,0.99,1.05,0.32,0.01,0.09,-0.02,0.24,-0.11,-0.11,0,0.13,0.06,-,-,-,-,-,-,-,-,-,-,-,-,-,-,0.6,0.07,0,0.37,0.26,0.12,0.99,0.23,0.78,0.88,0.31,0.04,-
KAB GUNUNGKIDUL,2.3,0.49,0.44,-0.04,-0.58,0.55,-0.32,-0.96,0.14,0.57,0.79,1.75,-,2.66,-0.17,0.5,-0.12,-0.73,0.69,-0.38,-1.21,0.18,0.7,0.97,2.19,-,1.25,0.69,0.5,-0.01,0.02,-0.03,0,0,-0.02,0,0.18,0,-,-,-,-,-,-,-,-,-,-,-,-,-,-,0.47,5.1,0,0.42,0,0,0,0.03,0,0.02,0.01,0,-
KOTA YOGYAKARTA,2.13,-0.76,1.33,0.01,-1.11,0.73,0.03,-0.8,0.33,0.48,0.72,1.5,-,2.52,-1.02,1.58,-0.05,-1.4,0.86,0.03,-1,0.36,0.54,0.82,1.8,-,0.83,0.77,0.47,0.57,0.14,0.03,-0.03,-0.13,-0.16,0.03,0.23,-0.05,-,-,-,-,-,-,-,-,-,-,-,-,-,-,0.14,0.11,0.02,0.07,0.31,0.31,0.13,0.22,0.45,0.27,0.36,0.37,-
KAB TULUNGAGUNG,1.62,0.06,2.07,-1.41,-0.7,0.88,0.04,-0.75,0.44,-0.01,0.33,1.15,-,1.87,-0.15,2.33,-1.81,-0.89,1.03,0.05,-1,0.51,-0.02,0.41,1.4,-,1,0.95,0.87,0.76,0.4,0.24,0.05,0,0,0,0,0,-,-,-,-,-,-,-,-,-,-,-,-,-,-,0.1,1.07,0.95,0.08,0.02,0.01,0,0.85,0.17,0.06,0.07,0,-
JEMBER,2.61,-0.93,1.2,-1.88,-1.36,1.43,0.93,-0.19,0.34,-0.1,-0.07,2.29,-,3.09,-1.12,1.43,-2.45,-1.76,1.66,1.11,-0.26,0.36,-0.26,-0.1,2.76,-,0.41,0.11,0.14,0.04,0.27,0.1,-0.02,-0.05,0.05,0,0.07,0.17,-,-,-,-,-,-,-,-,-,-,-,-,-,-,0.16,0.09,0,1.52,0.78,0.51,0.16,0.13,0.37,1.18,0.05,0.03,-
BANYUWANGI,2.23,-0.31,1.66,-1.09,-1.99,1.78,0.95,-0.58,-0.21,-0.14,0.17,1.71,-,2.68,-0.39,2.06,-1.63,-2.52,2.24,1.17,-0.73,-0.29,-0.18,0.21,2.14,-,0.63,0.06,0.04,0.79,0.02,0.03,0.08,0.01,0.01,0.01,0.08,0.08,-,-,-,-,-,-,-,-,-,-,-,-,-,-,0.35,0,0,1.22,0.24,0,0,0.01,0.11,0.02,0,0,-
KAB BOJONEGORO,1.59,-0.53,1.29,-0.49,-1.17,1.44,0.19,-0.82,0.76,0.48,0.39,1.66,-,1.68,-0.82,1.42,-0.64,-1.47,1.67,0.24,-1.06,0.64,0.58,0.49,1.97,-,2.46,0.94,1.49,0.24,0.14,0.12,-0.09,0.32,0.06,0.06,-0.01,0,-,-,-,-,-,-,-,-,-,-,-,-,-,-,0,0.29,0,0,0,0.96,0,0,2.58,0,0,0.79,-
KAB GRESIK,1.99,-1.21,2.02,-1.21,-1.66,1.33,-0.02,-0.68,0,0.4,0.48,1.97,-,2.29,-1.56,2.46,-1.5,-2.08,1.61,0.01,-0.92,-0.05,0.51,0.58,2.22,-,1.15,0.45,0.03,0.01,0.02,-0.04,-0.27,0.28,-0.09,-0.01,0,1,-,-,-,-,-,-,-,-,-,-,-,-,-,-,0.02,0.3,0.08,0.29,0.4,0.5,0.07,0.43,0.68,0,0,0.71,-
SUMENEP,0.89,-0.32,1.7,-0.97,-2.16,1.4,1.13,-0.43,0.42,0.17,0.23,1.39,-,1.14,-0.44,2.22,-1.32,-2.85,1.79,1.28,-0.64,0.44,0.23,0.17,1.82,-,0,0,0.12,0,0.06,0.55,1.23,0,0,0,0,0,-,-,-,-,-,-,-,-,-,-,-,-,-,-,0.05,0.08,0.02,0.2,0.18,0,0.49,0.31,0.45,0,0.58,0.05,-
KOTA KEDIRI,1.71,-0.63,1.52,-1.31,-1.19,1.59,-0.05,-1.04,0.59,0.47,0.55,1.72,-,2.12,-0.78,1.87,-1.66,-1.49,1.96,-0.08,-1.33,0.63,0.53,0.7,2.14,-,-0.03,0.02,0.2,0.4,-0.09,0.19,0.08,0.22,0,0.15,-0.07,0.04,-,-,-,-,-,-,-,-,-,-,-,-,-,-,0.04,0.04,0,0.02,0.06,0.01,0,0.2,0.6,0.21,0.04,0.01,-
KOTA MALANG,1.64,-0.54,1.29,-0.84,-0.82,1.04,-0.13,-0.52,0.66,0.28,0.32,1.25,-,1.91,-0.7,1.37,-1.12,-1.07,1.24,-0.2,-0.63,0.64,0.31,0.34,1.52,-,0.43,0.2,0.3,0.97,0.39,0.11,0.18,-0.13,0,0.04,0.09,0.11,-,-,-,-,-,-,-,-,-,-,-,-,-,-,0.22,0.28,1.39,0.07,0.24,0.16,0.14,0.09,1.24,0.24,0.27,0,-
KOTA PROBOLINGGO,2.01,-0.19,1.53,-1.36,-1.25,1.06,0.45,-0.66,0.41,0,-0.15,1.41,-,2.22,-0.31,1.87,-1.74,-1.58,1.3,0.51,-0.79,0.4,-0.15,-0.21,1.78,-,3.51,-0.72,0.36,0.02,0.12,0,-0.19,-0.42,-0.02,0,-0.06,0.01,-,-,-,-,-,-,-,-,-,-,-,-,-,-,0,0.81,0.07,0.22,0,0.25,0.39,0,0.7,0.82,0.14,0.04,-
KOTA MADIUN,1.78,-0.55,1.65,-0.98,-1.65,1.21,0.51,-0.82,-0.14,0.68,0.37,2.52,-,2.17,-0.8,1.89,-1.19,-2.07,1.41,0.51,-1.05,-0.22,0.84,0.45,3.05,-,0.16,0.47,0.45,-0.35,0.15,0.42,0.43,-0.01,-0.08,0.01,-0.22,0.37,-,-,-,-,-,-,-,-,-,-,-,-,-,-,0.09,0.63,0.7,0.11,0.19,0.3,0.56,0.29,0.39,0.11,0.26,0.24,-
KOTA SURABAYA,1.33,-0.27,1.88,-1.08,-1.33,1.05,0.47,-0.61,0.54,0.26,0.37,1.96,-,1.62,-0.39,2.22,-1.36,-1.71,1.21,0.46,-0.77,0.57,0.29,0.42,2.4,-,0.05,0.28,0.83,0.04,0.13,-0.01,0.29,0.05,-0.11,0.08,0.18,0.03,-,-,-,-,-,-,-,-,-,-,-,-,-,-,0.03,0.35,0.07,0.17,0.42,0.76,0.6,0.2,0.78,0.14,0.1,0.15,-
KAB PANDEGLANG,1.23,-0.95,2.36,0.75,-0.75,0.36,0.15,-1.49,0.35,0.57,0.45,2.12,-,1.45,-1.23,2.47,0.85,-1.21,0.31,0.19,-1.86,0.33,0.54,0.56,2.61,-,0.7,0,1.53,0,3.25,0.54,0,0,0,1.39,0,0,-,-,-,-,-,-,-,-,-,-,-,-,-,-,0,0.45,2.08,0.44,0.13,0.66,0,0.07,0.7,0.3,0,0.17,-
KAB LEBAK,1.25,-0.68,1.78,-0.5,-1.31,0.64,0.82,-1.37,1.11,0.46,-0.07,1.84,-,1.37,-0.92,2.19,-0.61,-1.96,0.95,1.01,-2,1.33,0.52,-0.04,2.25,-,0.94,0.51,-0.28,-0.55,2.38,-1.57,0.14,2.58,-2.21,0.62,-1.57,-0.07,-,-,-,-,-,-,-,-,-,-,-,-,-,-,0.66,0.08,0.52,0.36,0.6,0.1,0.09,0.26,1.85,0.03,0.68,0.36,-
KOTA TANGERANG,1.64,-0.17,0.94,0.86,-1.96,0.6,0.32,-0.88,0.29,0.58,1.03,1.41,-,1.95,-0.37,1.18,1.03,-2.56,0.82,0.47,-1.08,-0.17,0.61,1.4,1.39,-,0.79,1.36,-0.31,0.46,0.31,-0.39,-0.98,-0.63,2.02,0.05,-0.75,3.42,-,-,-,-,-,-,-,-,-,-,-,-,-,-,0.24,0,0.32,0,0.41,0,0.21,0.28,2,0.78,0,0,-
KOTA CILEGON,1.51,-0.64,1.12,0.21,-1.9,0.49,0.79,-0.65,0.35,0.44,0.62,1.37,-,1.98,-0.9,1.41,0.02,-2.54,0.53,0.88,-0.85,0.22,0.59,0.65,1.78,-,0,0.65,0,1.36,0.27,0.83,-0.02,0,0,0,0,-0.15,-,-,-,-,-,-,-,-,-,-,-,-,-,-,0,0,0.26,0.57,0.12,0.11,0.81,0,1.18,0,0.78,0.19,-
KOTA SERANG,1.86,-0.51,1.45,-0.19,-1.59,0.85,0.69,-0.57,-0.04,1.03,0.16,1.2,-,2.38,-0.84,1.95,-0.41,-2.12,1.03,1.07,-1.15,-0.07,1.29,0.16,1.31,-,1.39,0.04,0.45,-0.13,-0.67,0.73,-1.95,-0.26,0,0.89,-2.31,1.89,-,-,-,-,-,-,-,-,-,-,-,-,-,-,0.08,0.47,0.06,0.65,0.03,0.22,0.46,1.49,0.03,0.15,1.26,0.47,-
KAB TABANAN,3.49,-1.37,1.5,0.17,-2.28,0.87,0.93,-2.18,-1.6,0.92,1.38,2.82,-,4.25,-1.75,1.86,-0.03,-2.85,1.07,1.07,-2.71,-2.14,1.15,1.57,3.49,-,0.05,0,0,0,0,0,0,-0.03,0.19,0,1.09,0.38,-,0.42,-0.69,0.88,0,0,0,0,0,0,0,4.28,1.1,-,0.73,0.38,0,1.7,0.06,0.08,0.61,0,0.75,0.09,0.32,0,-
KAB BADUNG,4.98,-1.79,1.26,-0.7,-2.69,1.14,-0.02,-1.5,-1.41,0.93,1.32,3.08,-,6.06,-2.32,1.48,-0.85,-3.28,1.38,-0.02,-1.81,-1.73,1.09,1.38,3.73,-,0.23,1.21,0.3,-0.02,0,0,0.01,-0.13,0,0.28,-0.55,0.13,-,0.52,0.09,0,0,0,0,0,0,0,0,-0.09,0,-,0.03,0.01,0.02,0.08,0.01,0.21,0,0.03,0.03,0.06,3.49,0.23,-
SINGARAJA,3.79,-1.2,0.2,-0.16,-1.16,1.07,0.88,-1.6,-0.2,0.58,0.9,1.61,-,4.43,-1.45,0.22,-0.19,-1.69,1.34,0.84,-1.93,-0.26,0.67,1.11,1.91,-,0.14,0.01,0.12,-0.07,-0.55,-0.48,0.17,-0.04,0.05,-0.9,-0.23,0.24,-,0,0,0,0,0,0,0,0,0,0,0,0,-,1.08,0.15,0.02,0,3.02,0,1.88,0,0.12,0.87,0,0.1,-
KOTA DENPASAR,3.22,0.06,1.43,-0.53,-1.59,1.47,0.6,-1.03,0.93,-0.48,0.02,1.37,-,4.06,-0.01,1.22,-0.79,-2.05,1.8,0.69,-1.35,1.05,-0.65,-0.02,1.74,-,-0.09,0.5,2.79,0.93,0.39,-1.01,0,0.35,0.5,0.2,0,-0.17,-,0,-0.23,1.51,-0.64,0,4.1,0,-0.23,0.04,0,0,0,-,0.08,0.13,1.85,0,0,1.61,0.51,0.17,0.42,0.16,0.23,0.08,-
KAB SUMBAWA,2.49,-0.36,1.15,-0.66,-1.86,1.99,-0.18,-2.08,-0.03,0.43,0.45,1.47,-,3.24,-0.49,1.42,-0.97,-2.41,2.5,-0.24,-2.91,-0.22,0.57,0.59,1.93,-,0.01,0,0,0,0,0,0,0,0,0,0,0,-,-,-,-,-,-,-,-,-,-,-,-,-,-,0.06,0.07,0.32,0.47,0,0.49,0.01,0.95,0.85,0,0.02,0,-
KOTA MATARAM,2.93,-1.37,2.38,-0.78,-1.72,0.78,0.67,-0.64,1.03,-0.13,0.41,1.8,-,3.53,-1.7,2.71,-1.01,-2.07,0.78,0.78,-0.92,1.02,-0.28,0.53,2.21,-,0.2,0.12,1.57,0.39,-0.15,1,-0.3,0.57,1.04,0.07,-0.25,-0.05,-,-,-,-,-,-,-,-,-,-,-,-,-,-,0.18,0.17,0.16,0.24,0,0.5,0.61,0.66,1.13,0.91,0.02,0,-
KOTA BIMA,0.97,-1.06,1.27,0.05,-1.61,0.93,0.96,-1.21,-0.5,0.18,0.98,1.41,-,0.92,-1.68,1.56,0.01,-2.22,1.12,1.22,-1.7,-0.84,0.15,1.2,1.61,-,2.83,2.39,0.35,-0.13,1.03,-0.22,0.03,0.44,0.23,-0.14,0.1,0.97,-,-,-,-,-,-,-,-,-,-,-,-,-,-,0.01,0.37,0.25,0.35,0.12,0.65,0.17,0.41,0.87,0.49,0.41,0.63,-
WAINGAPU,5.03,2.2,-0.63,-0.42,-1.63,1.06,0.32,-2.89,-2.56,1.92,1.11,1.92,-,5.87,1.97,-1.02,-0.56,-1.96,1.23,0.37,-3.35,-3.26,2.16,1.17,2.29,-,0,2.6,5.33,-0.11,0,0,0,-1.59,0,1.68,2.02,-1.11,-,0,0,-2.66,0,-0.43,0,0,0,0,0,0,0,-,0.86,3.87,0.1,0.48,0.17,0.26,0.09,0,1.48,0.32,0.38,0.56,-
KAB TIMOR TENGAH SELATAN,4.23,0.9,-1.2,1.33,0.11,-1.97,0.97,-2.03,-1.87,-1.55,0.48,3.26,-,4.92,1,-1.48,0.91,0.12,-2.3,1.13,-2.27,-2.18,-1.8,0.5,3.76,-,0,0,1.91,7.36,0,0,0,-1.7,0,0,0,-0.12,-,0,0,0,0,0,0,0,0,0,0,0,0,-,0.01,0.26,0.01,2.37,0,0.26,0,0.08,0,0,0.67,0.67,-
MAUMERE,1.83,0.71,-1.32,-1.83,-0.7,2.05,1.64,0.18,-2.1,-2.54,0.35,1.57,-,2.1,0.78,-1.6,-2.26,-0.84,2.36,1.92,-0.03,-2.49,-3.05,0.42,1.84,-,0.76,0.06,0.79,0.59,0.03,0.38,0,-0.14,0.2,0.05,0.31,0.09,-,0,3.01,-1.74,0,0,0,0,0,0,0,-5.76,0,-,0,0.23,0.27,0.61,0.24,0.07,0.16,2.56,0.13,0.44,0.08,0.07,-
KAB NGADA,1.19,1.18,0,1.64,-2.32,0.01,2.57,0.83,-1,-1.58,-0.97,1.24,-,1.66,1.35,-0.04,1.89,-2.68,0.01,2.91,0.94,-1.19,-1.89,-1.13,1.32,-,-5.9,0,0,0.06,0.07,0.02,0,-1.06,0,0,0,0.14,-,0,0,0,0,0,0,0,0,0,0,0,0,-,0.39,0.26,0.31,0.06,0,0.02,0.8,0.65,0.42,0.59,0.09,1.12,-
KOTA KUPANG,3.32,1.03,-1.34,-0.21,-2.14,-0.59,2.77,-1.06,-0.75,0.03,1.31,0.92,-,3.97,1.22,-1.62,-0.28,-2.4,-0.76,3.3,-1.28,-1.11,0.04,1.58,1.11,-,0.31,0.02,0.39,0.13,-2.07,0.05,0.6,-0.15,-0.03,0.04,-0.02,0.03,-,0,0,0,0,0,0,0,0,0,0,0,0,-,0.07,0,0.02,0.09,0,0.28,0,0.09,1.73,0,0.02,0,-
KAB KETAPANG,1.27,0.59,0.06,0.32,-0.83,0.11,1.23,-0.62,0.16,0.44,0.02,0.59,-,1.48,0.64,0,0.28,-0.99,0.03,1.4,-0.79,0.12,0.5,0.05,0.7,-,0.06,0.62,0.33,1.12,0,0.44,0.75,-0.2,0.35,-0.44,-0.34,0,-,-,-,-,-,-,-,-,-,-,-,-,-,-,0.16,0.17,0.45,0.17,0.16,0.58,0.02,0.59,0.4,0.45,0,0,-
SINTANG,1.03,0.06,0.1,0.71,-0.94,0.3,0.84,-0.33,-0.58,-0.04,0.27,0.62,-,1.15,-0.06,0.07,0.8,-1.25,0.31,0.84,-0.44,-0.7,-0.07,0.32,0.74,-,0.8,1.62,0,0,2.38,0,0.02,-0.02,-0.03,0,0,0,-,-,-,-,-,-,-,-,-,-,-,-,-,-,0.12,0.43,0.25,0.38,0,0.25,1.28,0.42,0.1,0.26,0.02,0,-
KAB KAYONG UTARA,1.54,0.73,-0.34,0.15,-0.75,0.18,1.26,0.22,-0.3,-0.05,0.54,0.8,-,1.81,0.84,-0.4,0.17,-1.38,0.18,1.01,0.2,-0.46,-0.06,0.52,0.94,-,0.02,0,0,0,2.34,0.89,0,0,0.26,-0.1,2.44,0,-,-,-,-,-,-,-,-,-,-,-,-,-,-,0.02,0.02,0.08,0,3.3,0,3.56,0.36,0.7,0,0.08,0,-
KOTA PONTIANAK,1.03,0.32,0.33,-0.02,-1.54,0.59,1.3,-0.58,-0.03,0.61,0.47,-0.15,-,1.22,0.39,0.39,-0.06,-1.92,0.7,1.57,-0.7,-0.05,0.72,0.53,-0.17,-,0.09,0.02,-0.18,0.68,0.53,0.16,-0.19,-0.04,0.23,0.02,-0.36,-0.14,-,-,-,-,-,-,-,-,-,-,-,-,-,-,0.01,0,0.12,0,0.26,0,0,0.02,0.02,0.17,0.37,0.03,-
KOTA SINGKAWANG,1.59,0.76,0.14,-0.74,-0.88,0.66,0.64,-0.04,-0.64,-0.19,0.62,0.93,-,1.9,0.84,0.09,-1.02,-1.09,0.67,0.75,-0.12,-0.79,-0.28,0.72,1.11,-,-0.01,0.52,0.23,0.08,0.44,0.05,0.21,0.3,0.13,0.08,-0.09,0.02,-,-,-,-,-,-,-,-,-,-,-,-,-,-,0.13,0.27,0.53,0.67,0.07,0.77,0.15,0.31,0.02,0.28,0.21,0.06,-
SAMPIT,1.56,-1.09,0.76,-0.58,-0.53,0.76,0.97,-1.11,0.77,0.5,-0.78,1.23,-,1.82,-1.46,0.84,-0.84,-0.72,0.91,1.15,-1.44,0.87,0.5,-1.06,1.57,-,0.61,0.05,0.78,0.02,0,0.05,-0.01,0.1,-0.1,1.52,0.26,0,-,-,-,-,-,-,-,-,-,-,-,-,-,-,0.61,0.46,0.36,0.52,0.22,0.3,0.46,0.1,0.56,0.01,0.16,0.02,-
KAB KAPUAS,2.53,-0.29,0.74,-0.17,-2.94,0.88,0.94,-2.39,0.52,1.16,0.79,3.17,-,3.19,-0.5,0.92,-0.23,-3.59,0.86,0.23,-2.98,0.5,1.42,0.96,3.92,-,-1.43,0.4,-0.15,0.25,-0.01,0.46,8.36,0.27,0.07,0,0.16,0,-,-,-,-,-,-,-,-,-,-,-,-,-,-,0,0.83,0,0.03,0,1.23,2.29,0.03,0.79,0.14,0.06,0.06,-
KAB SUKAMARA,2.19,-0.39,-0.02,0.51,-0.77,0.21,0.78,-0.32,0,0.44,-0.18,1.97,-,2.63,-0.57,-0.38,0.5,-1.05,0.16,0.88,-0.5,-0.03,0.44,-0.37,2.39,-,1.12,-0.08,1.69,1.44,0,0.32,0.02,-0.04,0.37,0.89,1.31,0.74,-,-,-,-,-,-,-,-,-,-,-,-,-,-,0.37,0.42,1.18,0.19,0.36,0.44,0.58,0.48,0,0.22,0.12,0.26,-
KOTA PALANGKARAYA,1.75,-0.39,0.37,-0.02,-0.58,0.04,0.26,-0.56,0.31,0.56,0.16,2.23,-,1.99,-0.57,0.44,-0.16,-0.71,0.11,0.15,-0.68,0.36,0.67,0.07,2.65,-,0.91,0.44,0.03,1.07,0.14,-0.56,0.97,-0.25,-0.01,-0.39,0.19,0.11,-,-,-,-,-,-,-,-,-,-,-,-,-,-,0.12,0.59,0.05,0.46,0.06,0,0.64,0.34,0.07,0.28,0.98,0.06,-
KAB TANAH LAUT,1.36,0.11,0.36,-1.61,-2.29,0.38,0.71,-0.53,0.45,-0.76,2.92,1.7,-,1.34,0.13,0.39,-2.01,-2.8,0.39,0.91,-0.78,0.5,-0.91,3.55,2.03,-,1.23,0.12,0.55,-0.02,0.23,0.22,-1.9,0.28,0,0,0,0,-,-,-,-,-,-,-,-,-,-,-,-,-,-,1.54,0,0.08,0.39,0.13,0.35,0.43,0.84,0.24,0.01,0,0.28,-
KOTABARU,0.95,0.05,3.07,-1.22,-0.14,0.38,0.97,0.74,-0.9,-0.39,-0.01,0.75,-,1.03,0.04,3.59,-1.52,-0.19,0.35,1.09,0.91,-1.13,-0.59,-0.08,0.92,-,0.64,0.01,1.08,0.38,0,1.02,0.27,0,0.04,0.55,0.66,0.02,-,-,-,-,-,-,-,-,-,-,-,-,-,-,0.55,0.16,0.65,0.08,0.11,0.37,0.43,0,0.2,0.45,0.16,0,-
KAB HULU SUNGAI TENGAH,1,-0.53,3.92,-0.18,-2.9,0.93,-1.3,-0.2,1.28,0.99,1.69,2.72,-,0.7,-0.66,4.39,-0.31,-3.56,0.98,-1.52,-0.24,0.71,0.53,2,3.2,-,7.13,0.41,0,0.05,0.52,0.69,0,0.29,0.03,0,0,-0.03,-,-,-,-,-,-,-,-,-,-,-,-,-,-,0.57,0.29,1.53,1.02,1.64,0.63,0,0.04,7.28,5.52,0.05,0,-
TANJUNG,1.09,-0.29,0.97,-0.31,-1.51,0.25,0.1,-0.98,0.39,-0.54,0.66,1.2,-,1.32,-0.38,1.03,-0.43,-1.95,0.29,0.06,-1.2,0.45,-0.65,0.77,1.44,-,0.01,0.17,1.72,-0.01,0,0,0.01,0.23,0,0,0,0,-,-,-,-,-,-,-,-,-,-,-,-,-,-,0,0,0.07,0.44,1.02,0,0.51,0,0.1,0,0.3,0.18,-
KOTA BANJARMASIN,1.3,0.43,0.37,-0.49,-0.75,0.53,-0.47,-0.49,0.38,0.03,1.15,1.82,-,1.5,0.39,0.34,-0.6,-1.01,0.62,-0.54,-0.56,0.21,0.04,1.33,2.04,-,0.04,0.95,1.36,0.01,2.61,0,-0.22,0,0.65,0.05,0,1.4,-,-,-,-,-,-,-,-,-,-,-,-,-,-,0,0.61,0,0.22,0,0,0,0,1.82,0,0.02,0,-
KAB BERAU,2.02,-0.18,2.28,1.23,-2.14,-0.99,1.01,-0.56,-0.24,1.04,2.67,0.59,-,2.34,-0.22,2.76,1.28,-2.6,-1.22,1.23,-0.68,-0.43,0.95,3.22,0.72,-,1.57,0,0,1.95,-0.02,0.04,0.09,-0.02,0.02,0,0,-0.07,-,-,-,-,-,-,-,-,-,-,-,-,-,-,0,0,0.12,0.49,0,0.07,0,0,0.97,2.3,0.33,0.06,-
KAB PENAJAM PASER UTARA,2.48,-0.09,1.84,0.77,-1.01,-0.54,2.04,-2.01,0.17,-1.7,0.21,0.96,-,2.92,-0.11,2.16,0.84,-1.2,-0.81,2.44,-2.47,0.2,-2.27,0.11,1.16,-,0.81,-0.04,0.38,0.07,0.04,0,0,-0.17,0,0,0.12,0,-,-,-,-,-,-,-,-,-,-,-,-,-,-,0.04,0.02,0.15,0.62,0,1.37,0,0.61,0.03,1.87,1.03,0,-
KOTA BALIKPAPAN,1.85,0.3,1.46,0.65,-1.81,1.23,0.49,-0.82,-0.22,-0.52,0.75,1.17,-,2.21,0.35,1.76,0.73,-2.53,1.44,0.71,-1.01,-0.58,-0.77,0.78,1.45,-,0.45,-0.04,-0.01,0.72,2.74,0.61,-2.59,0.27,2.25,1.42,-1.31,-0.4,-,-,-,-,-,-,-,-,-,-,-,-,-,-,0,0.07,0.04,0,0.75,0,1.11,0,0.92,0,2.23,0.13,-
KOTA SAMARINDA,1.43,-0.27,2.84,0.5,-2,0.99,0.03,0.12,-0.29,-1.17,0.05,2.35,-,1.25,-0.6,3.4,0.57,-2.37,0.82,-0.04,-0.08,-0.38,-1.7,-0.1,2.9,-,6.28,3.49,-0.22,0.38,-0.59,0.07,-0.09,1.13,-1.92,0.18,0.89,-0.24,-,-,-,-,-,-,-,-,-,-,-,-,-,-,0,0,0.49,0,0.04,2.97,0.6,1.06,1.44,1.94,0.6,0.01,-
TANJUNG SELOR,1.71,-0.35,1.38,0.5,-0.98,-1.32,2.04,0.18,-1.91,-0.66,0.27,1.94,-,1.87,-0.45,1.53,0.55,-1.13,-1.55,2.37,0.16,-2.21,-0.79,0.34,2.26,-,1.79,0.41,0.38,0.05,-0.1,0.23,0.17,0,-0.06,0.07,-0.38,0,-,-,-,-,-,-,-,-,-,-,-,-,-,-,0,0.13,0.56,0.21,0,0,0,0.47,0.02,0,0.14,0,-
KAB NUNUKAN,2.21,-0.91,1.46,-0.59,-0.47,0.66,0.96,-0.64,-1.04,-0.37,-0.63,0.81,-,2.83,-1.18,1.85,-0.73,-0.6,0.67,1.23,-0.81,-1.33,-0.48,-0.79,1.01,-,0,0.02,0.06,0,0,0,0,0,0,0.16,0,0.15,-,-,-,-,-,-,-,-,-,-,-,-,-,-,0,0.07,0,0,0,0.83,0,0,0,0,0,0,-
KOTA TARAKAN,0.98,1.39,0.9,-1.12,-0.25,-0.79,1.18,-0.53,0.82,-0.37,0.01,0.68,-,1.04,1.58,1.05,-1.41,-0.33,-0.98,1.4,-0.63,0.66,-0.49,0.03,0.77,-,0.65,0.34,0.47,0.97,0.57,0.6,0,0,3.91,0.08,-0.09,0.42,-,-,-,-,-,-,-,-,-,-,-,-,-,-,0.66,0.42,0,0,0,0,0.14,0,0.28,0.18,0.04,0,-
KAB MINAHASA SELATAN,1.49,0.03,4.4,0.78,-2.95,0.44,1.05,-5.28,-0.77,1.1,-2.28,2.33,-,1.86,0.03,5.48,0.97,-3.64,0.55,1.31,-6.54,-0.98,1.22,-2.84,2.93,-,0,0,0.14,0,0,0,0,0,0,0,-0.19,0,-,-,-,-,-,-,-,-,-,-,-,-,-,-,0,0,0,0,0,0,0,0,0,0.92,0,0,-
KAB MINAHASA UTARA,1.24,1.54,3.22,-0.91,-1.6,1.41,-1.33,-4.04,0.9,-1.3,-1.97,1.39,-,1.4,1.91,3.73,-1.05,-1.85,1.7,-1.59,-4.73,1.05,-1.52,-2.31,1.58,-,0.05,-1.43,0,0,0,-1.21,0,-0.13,-0.06,-0.01,0.01,0.44,-,7.23,-4.26,0,0,0,0,0,0,0,0,0,1.35,-,0,0,0,0,0,0,0.45,0.76,0.04,0.1,0.1,0.08,-
KOTA MANADO,0.7,-0.26,3.39,1.04,-2.21,2.32,1.12,-3.37,-0.28,0,-1.47,1.61,-,0.88,-0.21,3.86,1.32,-2.71,2.84,1.39,-4.16,-0.23,0.02,-1.82,1.78,-,-0.23,-1.15,2.66,-1.27,0.43,-0.98,-0.39,1.17,-1.08,-0.25,0.5,1.85,-,0,0,0,0,0,0,0,0,0,0,0,0,-,0,0,0,0.46,0,0.63,0.01,0,0,0,0,0,-
KOTA KOTAMOBAGU,0.81,0.55,5.86,-1.08,-1.13,1.66,2.54,-3.55,0.02,-1.3,-2.38,1.4,-,1.04,0.64,7.77,-1.53,-1.5,2.04,3.2,-4.62,0.02,-1.73,-3.12,1.85,-,-0.34,0.01,0.09,0,0,0.18,0,0.06,0,0,0,-0.09,-,0,-2.63,0,0,0,0,0,0,0,0,0,0,-,0.27,0.33,0,0.51,0.1,0.47,0.49,0,0.01,0.02,0,0.08,-
LUWUK,0.36,1.65,-0.03,3.28,0.63,-0.19,1.88,0.86,0.45,-0.46,-1.14,0.66,-,0.27,2.06,-0.2,4.26,0.55,-0.39,2.35,1.05,0.59,-0.78,-1.62,0.84,-,0.43,1.63,1.3,-1.46,-0.01,1.31,0.54,0.28,-0.69,-0.13,0.41,0.4,-,-,-,-,-,-,-,-,-,-,-,-,-,-,0.7,0,0.09,1.3,1.18,0.08,0.43,0.34,0.28,0.77,0.27,0.08,-
KAB MOROWALI,2.01,-0.14,1.92,0.93,0.14,-0.3,3.66,0.22,-2.1,-0.57,-1.43,-0.85,-,2.59,-0.17,2.47,1.19,0.18,-0.39,4.66,0.29,-2.65,-0.72,-1.82,-1.08,-,0,0,0,0,0,0,0,0,0,0,0.02,0,-,-,-,-,-,-,-,-,-,-,-,-,-,-,0,0,0,0,0,0,0,0,0,0,0,0,-
KAB TOLI TOLI,1.3,1.91,4.7,3.61,-0.61,-0.44,3.59,-1.79,-1.3,1.91,-1.16,-1.37,-,1.64,2.32,5.81,4.45,-0.75,-0.64,4.4,-2.18,-1.59,2.29,-1.42,-1.67,-,0,0.02,-0.02,0,0.09,-0.05,0,0,0,0,-0.05,0,-,-,-,-,-,-,-,-,-,-,-,-,-,-,0.03,0.36,0.16,0,0.01,0.61,0,0,0,0.32,0,0,-
KOTA PALU,1.55,0.38,4.65,-0.68,-2.22,0.37,2.28,0.46,-0.27,-1.56,-1.84,0.69,-,1.57,0.28,5.74,-0.93,-2.86,0.37,2.82,0.55,-0.37,-1.98,-2.29,0.85,-,0.33,2.26,0.81,-0.02,0.19,1.08,0.24,0,0.1,0.33,-0.15,0,-,-,-,-,-,-,-,-,-,-,-,-,-,-,2.06,0.02,0.22,0.59,0.38,0.02,0.15,0.11,0.25,0.01,0.05,0,-
BULUKUMBA,0.8,0.22,1.42,0.52,-0.23,0.38,0.63,0.15,-0.3,0.03,-0.11,0.29,-,0.92,0.27,1.77,0.64,-0.28,0.42,0.77,0.12,-0.44,0.05,-0.28,0.37,-,0.64,0.2,0.5,0.16,-0.42,0.07,0,-0.05,-0.22,-0.16,0.06,0.05,-,-,-,-,-,-,-,-,-,-,-,-,-,-,0.24,0,0.1,0,0.1,0.26,0.13,0.4,0.31,0,0.65,0,-
WATAMPONE,1.56,-0.98,2.2,0.52,-0.26,-0.13,2.47,-0.71,-0.47,-0.39,-0.95,0.87,-,1.67,-1.25,2.69,0.59,-0.34,-0.15,3.01,-0.9,-0.61,-0.71,-1.31,1.12,-,0.79,0,0.55,0.02,0.16,0.04,0,0,0,0.28,0.04,0,-,-,-,-,-,-,-,-,-,-,-,-,-,-,1.3,0,0.45,0.33,0.01,0.02,0.67,0,0.07,0.96,0.47,0,-
KAB WAJO,0.88,0.38,2.67,-0.34,-0.37,0.15,1.09,0.25,-0.09,-1.14,-1.56,1.43,-,1.29,0.53,3.64,-0.46,-0.63,0.2,1.4,0.36,-0.15,-1.67,-2.12,1.89,-,-0.97,0,0,0,0,0,0,-0.18,0,0.02,0,0,-,-,-,-,-,-,-,-,-,-,-,-,-,-,0.05,0,0,0,0.53,0,0.31,0,0.05,0.51,0,0.24,-
KAB SIDENRENG RAPPANG,1.29,-0.89,2.04,0.57,-0.62,-0.17,1.35,0.71,-0.16,-0.53,-0.25,0.59,-,1.66,-1.17,2.11,0.61,-0.78,-0.49,1.54,0.87,-0.34,-0.71,-0.31,0.75,-,0,0,4.51,0.59,0,1.15,1.57,-0.18,-0.21,-0.41,0,0,-,-,-,-,-,-,-,-,-,-,-,-,-,-,0,0.18,0.35,0.26,0,0.74,0.23,0.42,0.89,0.4,0,0,-
KAB LUWU TIMUR,1.42,-0.95,2.04,2.11,-0.65,-0.19,1.35,1.53,-0.36,-1.11,-1.52,2.03,-,1.68,-1.27,2.63,2.4,-0.97,-0.26,1.76,1.86,-0.32,-1.96,-2.14,2.39,-,2.15,0.1,1,2.5,0.46,0.02,-0.14,2.03,-3.91,4.19,0.39,0.26,-,-,-,-,-,-,-,-,-,-,-,-,-,-,0.09,0.1,0,0.82,0.33,0,0.11,0,0.59,0.9,0.47,1.15,-
KOTA MAKASSAR,1.84,-0.91,3.11,1.42,-2.12,-0.33,2.08,-0.24,-0.99,-0.68,-0.09,1.53,-,2.06,-1.18,3.7,1.38,-2.56,-0.51,2.53,-0.31,-1.03,-0.87,-0.09,1.82,-,0.46,0.14,0.04,3.75,-0.37,0.37,-0.12,-0.29,-1.93,-0.92,-0.06,0.02,-,-,-,-,-,-,-,-,-,-,-,-,-,-,1.16,0.53,0.69,0.05,0.26,0.69,0.06,0.34,0.15,1.01,0.01,0.2,-
KOTA PARE PARE,1.16,0.28,3.55,1.97,-1.94,1.81,2.79,-0.5,-1.83,-2,-0.27,1.57,-,1.68,0.01,4.44,2.51,-2.63,2.36,3.68,-0.6,-2.22,-2.76,-0.38,2.08,-,-1.55,1.92,1.42,0.25,1.17,-0.29,-1.41,-0.59,-1.89,1.67,0.07,-0.72,-,-,-,-,-,-,-,-,-,-,-,-,-,-,0.08,0.78,0.03,0.04,0.1,0.14,0.33,0.18,0.51,0.09,0.17,0.16,-
KOTA PALOPO,0.79,-0.65,2.41,0.9,-0.3,-0.12,2.43,-0.4,-0.74,-0.79,-0.51,0.61,-,0.93,-0.83,2.92,1.12,-0.38,-0.18,3.03,-0.51,-0.92,-0.99,-0.63,0.65,-,0.25,0.21,1.04,-0.02,0.13,0.03,0.1,-0.08,0,0,0,0,-,-,-,-,-,-,-,-,-,-,-,-,-,-,0.27,0,0.09,0.07,0,0.2,0,0.04,0,0,0,0.65,-
KAB KONAWE,0.8,1.59,3.62,-0.38,-0.22,3.34,2.58,-3.22,-2.77,-2.7,0.24,1.74,-,0.99,2,4.49,-0.75,-0.41,3.96,3.13,-4.08,-3.61,-3.33,0.31,2.26,-,0.01,0,0.01,4.56,1.72,0,0,0,-3.02,-1.54,0,-0.88,-,-,-,-,-,-,-,-,-,-,-,-,-,-,0.11,0.04,0.33,0.2,0.18,1.22,0.49,0.44,1.56,0.02,0.02,0.01,-
KAB KOLAKA,1.79,1.59,1.9,1.02,-1.49,-0.27,1.42,1.23,-0.27,-1.79,-1.66,0.2,-,1.9,1.97,2.36,1.26,-1.84,-0.42,1.76,1.47,-0.33,-2.35,-2.06,0.24,-,1.75,0.01,0,0.16,0,1.32,0,0,0,0.32,0.01,0.03,-,-,-,-,-,-,-,-,-,-,-,-,-,-,1.19,0.04,0,0,0,0,0.02,0.3,0,0.69,0,0.06,-
KOTA KENDARI,-0.16,0.99,3.07,0.59,-0.67,1.06,3.34,-1.03,-1.14,-1.83,-0.44,0.3,-,-0.38,1.09,3.82,0.64,-0.95,1.17,4.29,-1.48,-1.5,-2.33,-0.51,0.25,-,0.94,0.28,0.02,-0.27,0.94,1.14,-2.17,2.59,-1.18,0.38,-0.72,1.42,-,-,-,-,-,-,-,-,-,-,-,-,-,-,0.52,0.76,0.1,0.71,0.32,0.32,0.22,0.01,1.26,0.14,0.15,0.04,-
KOTA BAU BAU,-1.77,0.89,3.54,-0.4,-1.35,4.83,2.74,-1.57,0.84,-3.82,0.13,-1.07,-,-2.11,1.05,4.19,-0.47,-1.59,5.71,3.22,-1.85,0.37,-4.49,0.03,-1.26,-,0.2,0,0,0,0,0,0,0.25,0.26,0,0.46,0,-,-,-,-,-,-,-,-,-,-,-,-,-,-,0,0.02,0,0,0,0,0,0,5.14,0,0.82,0,-
KAB GORONTALO,-0.92,1.75,4.49,1.21,-5.58,1.12,3.81,-2.44,-0.38,-0.92,0.76,2.13,-,-1.41,1.78,5.19,1.21,-6.57,1.14,4.55,-2.87,-0.66,-1.23,0.94,2.54,-,1.84,1.09,1.41,2.25,-1.11,0.08,-0.96,-1.44,1.4,0.33,-0.25,0.28,-,-,-,-,-,-,-,-,-,-,-,-,-,-,1.25,1.95,0.73,0.41,0,1.77,1.06,0.67,0.63,0.7,0,0,-
KOTA GORONTALO,1.02,0.36,3.12,-0.2,-2.66,1.09,2.76,-1.13,-0.9,-2.13,0.16,2.43,-,1.13,0.46,3.88,-0.26,-3.31,1.2,3.4,-1.45,-1.15,-2.65,0.19,3.03,-,-0.01,0,0,0.07,0,0,0.02,0,0,0.04,0,0.12,-,-,-,-,-,-,-,-,-,-,-,-,-,-,0.94,0,0,0,0.15,0.95,0.2,0.3,0.29,0,0,0,-
KAB MAJENE,1.65,-0.28,1.58,1.2,-0.46,1.42,1.17,-0.6,-1.11,-1.26,-0.69,0.42,-,2,-0.35,1.94,1.45,-0.6,1.74,1.43,-0.82,-1.36,-1.54,-0.84,0.49,-,0.29,0,0,0.11,0.27,0,0,0,0,-0.15,0.03,0,-,-,-,-,-,-,-,-,-,-,-,-,-,-,0.06,0,0,0,0.08,0,0.02,0.71,0,0.04,0.05,0.12,-
MAMUJU,1.23,0.26,2.2,2.57,-1.2,-1.16,1.08,-0.73,0.69,0.4,-0.73,3,-,1.54,0.26,2.65,3.31,-1.52,-1.51,1.18,-0.96,0.85,0.39,-1.17,3.73,-,0.18,-0.01,0.81,-1,-0.02,0.22,0.06,-0.55,0,0.53,0.26,-0.11,-,-,-,-,-,-,-,-,-,-,-,-,-,-,0.08,0.32,0.51,0.23,0.01,0.13,0.99,0.3,0.1,0.39,1.12,0.59,-
KAB MALUKU TENGAH,3.7,-0.8,-0.06,-5.32,1.28,4.35,2.47,-1.53,0.93,-0.1,-0.35,1.31,-,4.15,-0.96,-0.07,-6.5,1.47,5.16,2.91,-1.89,1.1,-0.13,-0.5,1.49,-,1.21,0,0,1.53,0.62,0,0,0,0,0,0,0,-,-,-,-,-,-,-,-,-,-,-,-,-,-,1.46,0.11,0,0.51,0.14,0.59,0.33,0.59,0.1,0.1,0.7,0.53,-
KOTA AMBON,2.47,0.71,2.74,-0.24,1.59,1.61,0.2,1.25,-2.78,-0.97,-0.55,1.94,-,2.94,0.93,3.29,-0.44,1.83,1.95,0.15,1.45,-3.95,-1.36,-0.72,2.39,-,1.05,-0.48,0.17,1.66,1.3,0.11,-0.12,0.52,2.82,0.32,-0.24,0.15,-,3.87,-3.12,0,0,0,0,0,0,0,0,0,0,-,0.04,0,0.54,0.07,0.07,0.21,0.75,0.21,2.4,0.94,0.37,0.02,-
KOTA TUAL,0.41,2.22,-0.53,1.11,0.98,3.88,1.65,-2.76,-1.34,-1.64,0.07,0.96,-,0.42,2.67,-0.67,1.33,1.11,4.56,1.88,-3.27,-1.68,-1.99,-0.04,1.1,-,0.42,0,0.03,0,0,-0.3,0.67,-0.06,0,0,-0.41,0.04,-,0,0,0,0,1.03,-1.7,0,0,0,0,0,0.67,-,0.32,0,0.31,0,0.39,0.97,0.16,0.05,0.76,0.26,1.25,0.34,-
KAB HALMAHERA TENGAH,0.75,0.15,0.37,0.25,-0.5,1.49,0.44,-4.07,-0.9,0.86,0.99,0.87,-,0.73,0.17,0.45,0.29,-0.61,1.81,0.53,-4.87,-1.09,0.96,1.16,1.03,-,0.24,0,0,-0.01,0.03,-0.03,0,-0.84,0,0.67,0.05,-0.04,-,-,-,-,-,-,-,-,-,-,-,-,-,-,1.11,0.1,0,0.09,0,0,0,0,0,0.29,0.31,0.28,-
KOTA TERNATE,-2.11,0.39,4.49,1.88,-2.66,2.15,0.87,-4.9,0.17,-0.38,2.04,-0.54,-,-2.64,0.55,5.72,2.19,-3.32,2.71,1.04,-5.99,-0.21,-0.51,2.6,-0.76,-,-0.71,-0.81,0.37,0.03,-0.46,-0.01,-0.06,-2.66,4.34,0.24,0,-0.33,-,-,-,-,-,-,-,-,-,-,-,-,-,-,0.1,0.02,0.01,1.05,0.03,0.03,0.4,0.15,0.38,0.06,0.03,0.56,-
MANOKWARI,-0.18,-3.93,0.05,0.79,-1.41,0.65,3.94,-2.04,1.56,-0.9,0.15,3.87,-,-0.21,-4.81,0.07,0.97,-1.81,0.78,4.75,-2.48,1.34,-1.18,0.15,4.62,-,0,0,0.04,0,0.09,0.09,0.97,0,0.3,0.13,-0.12,-0.11,-,-,-,-,-,-,-,-,-,-,-,-,-,-,0,0,0,0,0.54,0,0.11,0.02,3.97,0.43,0.26,1.28,-
KAB SORONG,0.86,-1.71,-0.5,2.01,-0.3,0.3,2.58,0.66,0.43,-0.19,-1.24,0.82,-,1.09,-2.2,-0.68,2.6,-0.62,0.37,3.1,0.91,0.43,-0.27,-1.62,1.05,-,-0.38,-0.01,0.01,0.03,1.05,-0.01,-0.54,-1.24,-0.13,-0.05,0.07,0.08,-,-,-,-,-,-,-,-,-,-,-,-,-,-,0.26,0.03,0.16,0,0.75,0.04,1.27,0.17,0.69,0.1,0.16,0.03,-
KAB SORONG SELATAN,0.19,0.09,0.23,0.21,0.47,0.34,0.96,0.08,0.1,-0.51,0.09,0.91,-,-0.44,0.02,0.24,0.26,0.51,0.4,1.15,-0.18,0.12,-0.58,0.1,0.99,-,-0.09,0.25,0.53,0,-0.07,0,-0.15,0.98,0,-0.01,0,0,-,-,-,-,-,-,-,-,-,-,-,-,-,-,5.31,0.52,0,0,0.45,0,0,1.63,0,-0.19,0,0.75,-
KOTA SORONG,0.37,-2.21,-0.57,1.36,-1.2,1.41,2.16,2.36,-0.5,-0.89,-0.59,1.39,-,0.33,-2.82,-0.69,1.59,-1.51,1.49,2.45,2.77,-0.66,-1.01,-0.83,1.57,-,0.56,1.68,-0.02,0.36,0.58,2.4,0.12,0.18,0.11,-1.2,1.52,0.04,-,-,-,-,-,-,-,-,-,-,-,-,-,-,0.54,0.96,0,0.01,0.38,0.22,0.91,0.1,0.6,0.27,0.27,0.59,-
KOTA JAYAPURA,2.82,0.69,-2.46,0.12,0.55,-1.16,0.2,-1.48,-0.69,-0.97,2.75,3.73,-,3.41,0.82,-3.02,0.12,0.58,-1.52,0.24,-1.9,-0.79,-1.22,3.37,4.51,-,0.25,-0.07,0.54,0.19,0.56,0.24,0.01,0.58,-0.52,0.39,0.16,0.26,-,-0.1,0,0,0.26,1.06,0,0,0,0,0,0,1.05,-,0,0.08,0.12,0,0.35,0.71,0.06,0.31,0,0,0.01,0.2,-
MERAUKE,3.77,-0.12,-0.63,2.32,1.47,-1.35,4.3,-3.24,-3.51,-0.79,-0.54,1.01,-,4.89,-0.22,-0.85,2.96,1.66,-1.92,5.57,-4.16,-4.8,-0.98,-0.83,1.3,-,0.04,0.33,0.11,0,1.87,-0.09,0,0,0.08,-0.86,0.09,0,-,2.83,0,0,0,0,-1.23,0,-0.56,0,0,0,0,-,0.31,0.11,0.17,0.3,0.27,1.03,0.15,0,1.18,0.15,0.55,0.21,-
TIMIKA,0.73,-0.27,1.17,1.61,-0.63,-0.4,0.79,-2.08,-0.31,-0.65,0.16,0.13,-,0.58,-0.42,1.4,1.93,-0.84,-0.48,0.89,-2.54,-0.43,-0.78,-0.05,0.16,-,0,0,0.1,0,0.71,-0.11,0,0.09,0,0,1.76,0,-,0,0,0,0,0,0,0,0,0,0,0,0,-,2.59,0.74,0,0,0.27,0,0.43,0.41,0.42,0,0.83,0,-
KAB NABIRE,-0.53,-0.37,1.39,3.06,1.16,-0.25,2.81,-2.88,-0.02,0.72,3.16,3.81,-,-1.43,-0.53,1.81,4.01,1.37,-0.33,3.59,-3.71,-0.14,0.87,4.08,4.68,-,2.64,-0.02,0.03,0.04,0.76,0,-0.04,0.13,0.07,0.03,0.01,0.23,-,0,0,0,0,0,1.19,0.48,0,0,0,0,4.19,-,2.57,0.28,0,0,0.24,0,0.28,0,0.54,0.3,0,0.93,-
KAB JAYAWIJAYA,2.34,5.04,-1.65,-0.75,2.25,-2.92,1.72,-0.38,-0.7,-1.72,0.86,2.74,-,2.85,6.29,-2.04,-1.01,3.11,-3.59,1.46,-0.44,-0.88,-2.36,0.39,3.45,-,0,0,0,-0.14,-4.54,0.06,-0.14,0,0.04,0.27,0,0,-,-,-,-,-,-,-,-,-,-,-,-,-,-,0.36,0,0.06,0.64,0,0,4.08,-0.09,0,1.13,3.8,0,-
INDONESIA,1.94,-0.4,1.24,0.07,-1.4,0.46,0.74,-0.29,0.38,0.08,0.06,1.66,-,2.3,-0.59,1.47,0.04,-1.81,0.53,0.88,-0.42,0.4,0.03,0.05,2.02,-,0.66,0.52,0.46,0.23,0.23,0.09,0.07,0,0.1,0.1,-0.01,0.29,-,0.51,-0.25,0.09,0.01,0.07,0.35,-0.08,-0.03,-0.01,0,0.11,0.31,-,0.47,0.24,0.23,0.18,0.2,0.24,0.31,0.31,0.48,0.32,0.21,0.16,-